금연구역명,금연구역범위상세,시도명,시군구명,금연구역구분,금연구역지정근거명,금연구역면적,위반과태료,위반신고전화번호,소재지도로명주소,소재지지번주소,관리기관명,위도,경도,데이터기준일자
CJ키즈빌어린이집,시설의경계선으로부터 10m 이내,서울특별시,중구,어린이집,서울특별시 중구 간접흡연 피해방지 조례,,100000,02-3396-5672,서울특별시 중구 동호로 330 (쌍림동),,서울특별시 중구청,37.563942,127.0032778,2021-10-21
GKL행복어린이집,시설의경계선으로부터 10m 이내,서울특별시,중구,어린이집,서울특별시 중구 간접흡연 피해방지 조례,,100000,02-3396-5672,서울특별시 중구 한강대로 416,,서울특별시 중구청,37.55550489,126.9737482,2021-10-21
IBK 참좋은어린이집,시설의경계선으로부터 10m 이내,서울특별시,중구,어린이집,서울특별시 중구 간접흡연 피해방지 조례,,100000,02-3396-5672,서울특별시 중구 을지로 82,,서울특별시 중구청,37.56570639,126.9870829,2021-10-21
LG서울역빌딩주변,서울특별시 중구 LG서울역빌딩 주변 230m 거리,서울특별시,중구,거리,서울특별시 중구 간접흡연 피해방지 조례,,100000,02-3396-5672,서울특별시 중구 후암로 98,,서울특별시 중구청,37.55392083,126.9749,2021-10-21
LG서울역어린이집,시설의경계선으로부터 10m 이내,서울특별시,중구,어린이집,서울특별시 중구 간접흡연 피해방지 조례,,100000,02-3396-5672,서울특별시 중구 후암로 98,,서울특별시 중구청,37.5539166,126.9749,2021-10-21
SKT행복날개어린이집,시설의경계선으로부터 10m 이내,서울특별시,중구,어린이집,서울특별시 중구 간접흡연 피해방지 조례,,100000,02-3396-5672,서울특별시 중구 을지로 65,,서울특별시 중구청,37.56648822,126.9851268,2021-10-21
SK네트웍스새싹어린이집,시설의경계선으로부터 10m 이내,서울특별시,중구,어린이집,서울특별시 중구 간접흡연 피해방지 조례,,100000,02-3396-5672,서울특별시 중구 남대문로 90,,서울특별시 중구청,37.5650478,126.9829099,2021-10-21
SK브로드밴드 행복한어린이집,시설의경계선으로부터 10m 이내,서울특별시,중구,어린이집,서울특별시 중구 간접흡연 피해방지 조례,,100000,02-3396-5672,서울특별시 중구 퇴계로 24,,서울특별시 중구청,37.5566035,126.9759532,2021-10-21
T타워~남산트라팰리스 위쪽 도로,서울특별시 중구 T타워~남산트라팰리스 위쪽 도로 86m 거리,서울특별시,중구,거리,서울특별시 중구 간접흡연 피해방지 조례,,100000,02-3396-5672,서울특별시 중구 소월로2길 30,,서울특별시 중구청,37.55399468,126.9756127,2021-10-21
가명어린이집,시설의경계선으로부터 10m 이내,서울특별시,중구,어린이집,서울특별시 중구 간접흡연 피해방지 조례,,100000,02-3396-5672,서울특별시 중구 청파로 447-1,,서울특별시 중구청,37.55915782,126.9669801,2021-10-21
가명유치원,시설의경계선으로부터 10m 이내,서울특별시,중구,유치원,서울특별시 중구 간접흡연 피해방지 조례,,100000,02-3396-5672,서울특별시 중구 청파로 447-1,,서울특별시 중구청,37.55915782,126.9669801,2021-10-21
경기여상입구,버스정류소 승차대로부터 10m이내,서울특별시,중구,가로변버스정류소,서울특별시 중구 간접흡연 피해방지 조례,,100000,02-3396-5672,서울특별시 중구 만리재로 213,,서울특별시 중구청,37.55641534,126.9681888,2021-10-21
경기여자상업고등학교,학교 출입문으로부터 50m 이내,서울특별시,중구,학교절대정화구역,서울특별시 중구 간접흡연 피해방지 조례,,100000,02-3396-5672,서울특별시 중구 만리재로37길 30,,서울특별시 중구청,37.55729791,126.9667217,2021-10-21
경동어린이집,시설의경계선으로부터 10m 이내,서울특별시,중구,어린이집,서울특별시 중구 간접흡연 피해방지 조례,,100000,02-3396-5672,서울특별시 중구 장충단로 204,,서울특별시 중구청,37.56309399,127.0072121,2021-10-21
경찰청,버스정류소 승차대로부터 10m이내,서울특별시,중구,가로변버스정류소,서울특별시 중구 간접흡연 피해방지 조례,,100000,02-3396-5672,서울특별시 중구 통일로 114,,서울특별시 중구청,37.56524143,126.9679315,2021-10-21
"경찰청,국민권익위원회앞",버스정류소 승차대로부터 10m이내,서울특별시,중구,가로변버스정류소,서울특별시 중구 간접흡연 피해방지 조례,,100000,02-3396-5672,서울특별시 중구 통일로 86,,서울특별시 중구청,37.5631047,126.9695714,2021-10-21
계성여자고등학교,학교 출입문으로부터 50m 이내,서울특별시,중구,학교절대정화구역,서울특별시 중구 간접흡연 피해방지 조례,,100000,02-3396-5672,서울특별시 중구 명동길 74-1,,서울특별시 중구청,37.5628448,126.9868525,2021-10-21
광희동,버스정류소 승차대로부터 10m이내,서울특별시,중구,가로변버스정류소,서울특별시 중구 간접흡연 피해방지 조례,,100000,02-3396-5672,서울특별시 중구 장충단로 227-2,,서울특별시 중구청,37.5650906,127.0071806,2021-10-21
광희동,버스정류소 승차대로부터 10m이내,서울특별시,중구,가로변버스정류소,서울특별시 중구 간접흡연 피해방지 조례,,100000,02-3396-5672,서울특별시 중구 장충단로 228-2,,서울특별시 중구청,37.56502928,127.007905,2021-10-21
광희동사거리,버스정류소 승차대로부터 10m이내,서울특별시,중구,가로변버스정류소,서울특별시 중구 간접흡연 피해방지 조례,,100000,02-3396-5672,서울특별시 중구 퇴계로 333-1,,서울특별시 중구청,37.56466522,127.0086837,2021-10-21
광희동사거리,버스정류소 승차대로부터 10m이내,서울특별시,중구,가로변버스정류소,서울특별시 중구 간접흡연 피해방지 조례,,100000,02-3396-5672,서울특별시 중구 퇴계로 344,,서울특별시 중구청,37.56435881,127.0096752,2021-10-21
광희초등학교,학교 출입문으로부터 50m 이내,서울특별시,중구,학교절대정화구역,서울특별시 중구 간접흡연 피해방지 조례,,100000,02-3396-5672,서울특별시 중구 다산로 269,,서울특별시 중구청,37.56729901,127.0156883,2021-10-21
광희초등학교 통학로,학생 통학로 일대 270m 거리,서울특별시,중구,거리,서울특별시 중구 간접흡연 피해방지 조례,,100000,02-3396-5672,서울특별시 중구 다산로 269,,서울특별시 중구청,37.56729928,127.0156879,2021-10-21
교육연구정보원,버스정류소 승차대로부터 10m이내,서울특별시,중구,가로변버스정류소,서울특별시 중구 간접흡연 피해방지 조례,,100000,02-3396-5672,서울특별시 중구 소월로 91,,서울특별시 중구청,37.55346993,126.9804034,2021-10-21
국립극장,버스정류소 승차대로부터 10m이내,서울특별시,중구,가로변버스정류소,서울특별시 중구 간접흡연 피해방지 조례,,100000,02-3396-5672,서울특별시 중구 장충단로 60,,서울특별시 중구청,37.55006939,127.0004979,2021-10-21
국립극장,버스정류소 승차대로부터 10m이내,서울특별시,중구,가로변버스정류소,서울특별시 중구 간접흡연 피해방지 조례,,100000,02-3396-5672,서울특별시 중구 장충단로 59,,서울특별시 중구청,37.55199392,126.9992667,2021-10-21
근화유치원,시설의경계선으로부터 10m 이내,서울특별시,중구,유치원,서울특별시 중구 간접흡연 피해방지 조례,,100000,02-3396-5672,서울특별시 중구 동호로20길 24,,서울특별시 중구청,37.55906821,127.0089638,2021-10-21
"금호베스트빌,삼성래미안아파트",버스정류소 승차대로부터 10m이내,서울특별시,중구,가로변버스정류소,서울특별시 중구 간접흡연 피해방지 조례,,100000,02-3396-5672,서울특별시 중구 퇴계로90길 74,,서울특별시 중구청,37.56103807,127.0209839,2021-10-21
"금호베스트빌,삼성래미안아파트",버스정류소 승차대로부터 10m이내,서울특별시,중구,가로변버스정류소,서울특별시 중구 간접흡연 피해방지 조례,,100000,02-3396-5672,,서울특별시 중구 신당동 85-745,서울특별시 중구청,37.56165727,127.0242731,2021-10-21
금호여자중학교,학교 출입문으로부터 50m 이내,서울특별시,중구,학교절대정화구역,서울특별시 중구 간접흡연 피해방지 조례,,100000,02-3396-5672,서울특별시 중구 청구로 6,,서울특별시 중구청,37.55803964,127.0204625,2021-10-21
꿈나무어린이집,시설의경계선으로부터 10m 이내,서울특별시,중구,어린이집,서울특별시 중구 간접흡연 피해방지 조례,,100000,02-3396-5672,서울특별시 중구 청계천로 400,,서울특별시 중구청,37.5708733,127.0214621,2021-10-21
남대문 지하도상가 출입구 시설물,남대문 지하도상가 출입구 시설물 주변 10미터 이내,서울특별시,중구,지하도상가출입구,서울특별시 중구 간접흡연 피해방지 조례,,100000,02-3396-5672,,서울특별시 중구 남대문로3가 13-3,서울특별시 중구청,37.56122452,126.9797214,2021-10-21
남대문경찰서,버스정류소 승차대로부터 10m이내,서울특별시,중구,가로변버스정류소,서울특별시 중구 간접흡연 피해방지 조례,,100000,02-3396-5672,서울특별시 중구 후암로 98,,서울특별시 중구청,37.55391939,126.9749,2021-10-21
남대문경찰서 측면 : 후암로 60길 도로,서울특별시 남대문경찰서 측면 : 후암로 60길 도로,서울특별시,중구,관내 집단흡연지,서울특별시 중구 간접흡연 피해방지 조례,,100000,02-3396-5672,,서울특별시 중구 남대문로5가 611,서울특별시 중구청,37.55469365,126.974209,2021-10-21
남대문로9길 및 센터플레이스인근 보도,서울특별시 남대문로9길 및 센터플레이스인근 보도,서울특별시,중구,관내 집단흡연지,서울특별시 중구 간접흡연 피해방지 조례,,100000,02-3396-5672,,서울특별시 중구 다동 155,서울특별시 중구청,37.56714345,126.9803681,2021-10-21
남대문로길 금연거리,제1구역 : 남대문로 81~남대문로 30(490m)제2구역 : 남대문로 92~소공로 70(490m),서울특별시,중구,거리,서울특별시 중구 간접흡연 피해방지 조례,,100000,02-3396-5672,,서울특별시 중구 남대문로2가 138-2,서울특별시 중구청,37.56535254,126.9825064,2021-10-21
남대문시장,버스정류소 승차대로부터 10m이내,서울특별시,중구,가로변버스정류소,서울특별시 중구 간접흡연 피해방지 조례,,100000,02-3396-5672,서울특별시 중구 남대문로 40,,서울특별시 중구청,37.56111754,126.9800755,2021-10-21
남대문시장,버스정류소 승차대로부터 10m이내,서울특별시,중구,가로변버스정류소,서울특별시 중구 간접흡연 피해방지 조례,,100000,02-3396-5672,서울특별시 중구 퇴계로 47,,서울특별시 중구청,37.55835286,126.9776995,2021-10-21
남대문시장,버스정류소 승차대로부터 10m이내,서울특별시,중구,가로변버스정류소,서울특별시 중구 간접흡연 피해방지 조례,,100000,02-3396-5672,서울특별시 중구 퇴계로 52,,서울특별시 중구청,37.55841789,126.978546,2021-10-21
남대문시장,버스정류소 승차대로부터 10m이내,서울특별시,중구,가로변버스정류소,서울특별시 중구 간접흡연 피해방지 조례,,100000,02-3396-5672,서울특별시 중구 남대문로 26-1,,서울특별시 중구청,37.56096591,126.9785996,2021-10-21
남대문시장(액세서리),버스정류소 승차대로부터 10m이내,서울특별시,중구,가로변버스정류소,서울특별시 중구 간접흡연 피해방지 조례,,100000,02-3396-5672,서울특별시 중구 소월로 9,,서울특별시 중구청,37.55872382,126.9764136,2021-10-21
남산3호터널,버스정류소 승차대로부터 10m이내,서울특별시,중구,가로변버스정류소,서울특별시 중구 간접흡연 피해방지 조례,,100000,02-3396-5672,서울특별시 중구 소공로 35,,서울특별시 중구청,37.55822381,126.9817467,2021-10-21
남산3호터널,버스정류소 승차대로부터 10m이내,서울특별시,중구,가로변버스정류소,서울특별시 중구 간접흡연 피해방지 조례,,100000,02-3396-5672,서울특별시 중구 소공로 46,,서울특별시 중구청,37.55941334,126.9832223,2021-10-21
남산북측순환로,버스정류소 승차대로부터 10m이내,서울특별시,중구,가로변버스정류소,서울특별시 중구 간접흡연 피해방지 조례,,100000,02-3396-5672,,서울특별시 중구 장충동 2가 산 14-21,서울특별시 중구청,37.55167987,126.9965361,2021-10-21
남산산책로입구B코스,버스정류소 승차대로부터 10m이내,서울특별시,중구,가로변버스정류소,서울특별시 중구 간접흡연 피해방지 조례,,100000,02-3396-5672,,서울특별시 중구 회현동 1가 산 1-2,서울특별시 중구청,37.5545492,126.9812833,2021-10-21
남산숲어린이집,시설의경계선으로부터 10m 이내,서울특별시,중구,어린이집,서울특별시 중구 간접흡연 피해방지 조례,,100000,02-3396-5672,서울특별시 중구 동호로5길 193,,서울특별시 중구청,37.5465059,127.0089397,2021-10-21
남산초등학교,학교 출입문으로부터 50m 이내,서울특별시,중구,학교절대정화구역,서울특별시 중구 간접흡연 피해방지 조례,,100000,02-3396-5672,서울특별시 중구 퇴계로22길 17,,서울특별시 중구청,37.55978501,126.9867761,2021-10-21
남산초등학교 통학로,학생 통학로 일대 705m 거리,서울특별시,중구,거리,서울특별시 중구 간접흡연 피해방지 조례,,100000,02-3396-5672,서울특별시 중구 퇴계로22길 17,,서울특별시 중구청,37.55978374,126.9867767,2021-10-21
남산타운어린이집,시설의경계선으로부터 10m 이내,서울특별시,중구,어린이집,서울특별시 중구 간접흡연 피해방지 조례,,100000,02-3396-5672,서울특별시 중구 다산로 32 (신당동),,서울특별시 중구청,37.54716803,127.0056761,2021-10-21
남학동,서울특별시 중구 남학동 25-1 일대,서울특별시,중구,마을마당,서울특별시 중구 간접흡연 피해방지 조례,416,100000,02-3396-5672,,서울특별시 중구 남학동 25-1,서울특별시 중구청,37.560151,126.990431,2021-10-21
농협중앙회어린이집,시설의경계선으로부터 10m 이내,서울특별시,중구,어린이집,서울특별시 중구 간접흡연 피해방지 조례,,100000,02-3396-5672,서울특별시 중구 새문안로 16,,서울특별시 중구청,37.566407,126.9685558,2021-10-21
늘푸른어린이공원,시설전체,서울특별시,중구,공원,서울특별시 중구 간접흡연 피해방지 조례,423,100000,02-3396-5672,,서울특별시 중구 신당동 432-91,서울특별시 중구청,37.55379558,127.0089586,2021-10-21
늘푸른어린이집,시설의경계선으로부터 10m 이내,서울특별시,중구,어린이집,서울특별시 중구 간접흡연 피해방지 조례,,100000,02-3396-5672,서울특별시 중구 만리재로21길 9,,서울특별시 중구청,37.55281706,126.9630572,2021-10-21
다동소공원,시설전체,서울특별시,중구,공원,서울특별시 중구 간접흡연 피해방지 조례,,100000,02-3396-5672,,서울특별시 중구 다동 51-1,서울특별시 중구청,37.567726,126.9805245,2021-10-21
다산동,서울특별시 중구 다산동 432-1584 일대,서울특별시,중구,마을마당,서울특별시 중구 간접흡연 피해방지 조례,2616,100000,02-3396-5672,,서울특별시 중구 신당동 432-82,서울특별시 중구청,37.55446969,127.0088427,2021-10-21
다산어린이공원,시설전체,서울특별시,중구,공원,서울특별시 중구 간접흡연 피해방지 조례,3679,100000,02-3396-5672,,서울특별시 중구 신당동 123-1,서울특별시 중구청,37.56375032,127.0186793,2021-10-21
다산어린이집,시설의경계선으로부터 10m 이내,서울특별시,중구,어린이집,서울특별시 중구 간접흡연 피해방지 조례,,100000,02-3396-5672,서울특별시 중구 동호로15길 50 (신당동),,서울특별시 중구청,37.5543067,127.0082479,2021-10-21
다솜어린이집,시설의경계선으로부터 10m 이내,서울특별시,중구,어린이집,서울특별시 중구 간접흡연 피해방지 조례,,100000,02-3396-5672,서울특별시 중구 동호로10길 30,,서울특별시 중구청,37.55530847,127.0163105,2021-10-21
단우물어린이집,시설의경계선으로부터 10m 이내,서울특별시,중구,어린이집,서울특별시 중구 간접흡연 피해방지 조례,,100000,02-3396-5672,서울특별시 중구 다산로48길 33,,서울특별시 중구청,37.5674949,127.018011,2021-10-21
대경정보산업고등학교,학교 출입문으로부터 50m 이내,서울특별시,중구,학교절대정화구역,서울특별시 중구 간접흡연 피해방지 조례,,100000,02-3396-5672,서울특별시 중구 매봉18길 111,,서울특별시 중구청,37.55637326,127.0169792,2021-10-21
대경중학교,학교 출입문으로부터 50m 이내,서울특별시,중구,학교절대정화구역,서울특별시 중구 간접흡연 피해방지 조례,,100000,02-3396-5672,서울특별시 중구 매봉18길 111,,서울특별시 중구청,37.55637326,127.0169792,2021-10-21
대한극장앞,버스정류소 승차대로부터 10m이내,서울특별시,중구,가로변버스정류소,서울특별시 중구 간접흡연 피해방지 조례,,100000,02-3396-5672,서울특별시 중구 퇴계로 206,,서울특별시 중구청,37.56114794,126.9948117,2021-10-21
대한극장앞,버스정류소 승차대로부터 10m이내,서울특별시,중구,가로변버스정류소,서울특별시 중구 간접흡연 피해방지 조례,,100000,02-3396-5672,서울특별시 중구 퇴계로 221,,서울특별시 중구청,37.56197331,126.9964823,2021-10-21
덕수궁롯데캐슬아파트,"복도,계단,엘리베이터,지하주차장",서울특별시,중구,공동주택,서울특별시 중구 간접흡연 피해방지 조례,,50000,02-3396-5672,서울특별시 중구 서소문로9길 28,,서울특별시 중구청,37.56370849,126.970043,2021-10-21
덕수중학교,학교 출입문으로부터 50m 이내,서울특별시,중구,학교절대정화구역,서울특별시 중구 간접흡연 피해방지 조례,,100000,02-3396-5672,서울특별시 중구 마른내로9길 10,,서울특별시 중구청,37.56558092,126.9969982,2021-10-21
덕수중학교 통학로,학생 통학로 일대 495m 거리,서울특별시,중구,거리,서울특별시 중구 간접흡연 피해방지 조례,,100000,02-3396-5672,서울특별시 중구 마른내로9길 10,,서울특별시 중구청,37.56557957,126.9969973,2021-10-21
덕수초등학교,학교 출입문으로부터 50m 이내,서울특별시,중구,학교절대정화구역,서울특별시 중구 간접흡연 피해방지 조례,,100000,02-3396-5672,서울특별시 중구 덕수궁길 140,,서울특별시 중구청,37.56908852,126.9746581,2021-10-21
덕수초등학교 통학로,학생 통학로 일대 150m 거리,서울특별시,중구,거리,서울특별시 중구 간접흡연 피해방지 조례,,100000,02-3396-5672,서울특별시 중구 덕수궁길 140,,서울특별시 중구청,37.56908888,126.9746579,2021-10-21
도로교통공단앞,버스정류소 승차대로부터 10m이내,서울특별시,중구,가로변버스정류소,서울특별시 중구 간접흡연 피해방지 조례,,100000,02-3396-5672,서울특별시 중구 왕십리로 395,,서울특별시 중구청,37.56482477,127.0263863,2021-10-21
도로교통공단후문,버스정류소 승차대로부터 10m이내,서울특별시,중구,가로변버스정류소,서울특별시 중구 간접흡연 피해방지 조례,,100000,02-3396-5672,서울특별시 중구 왕십리로 415-33,,서울특별시 중구청,37.56422333,127.0244528,2021-10-21
동국대학교,학교 출입문으로부터 50m 이내,서울특별시,중구,학교절대정화구역,서울특별시 중구 간접흡연 피해방지 조례,,100000,02-3396-5672,서울특별시 중구 필동로1길 30,,서울특별시 중구청,37.55893664,126.9987376,2021-10-21
동대문디자인플라자,버스정류소 승차대로부터 10m이내,서울특별시,중구,가로변버스정류소,서울특별시 중구 간접흡연 피해방지 조례,,100000,02-3396-5672,서울특별시 중구 마장로 22,,서울특별시 중구청,37.567267,127.0121115,2021-10-21
동대문역사문화공원,버스정류소 승차대로부터 10m이내,서울특별시,중구,가로변버스정류소,서울특별시 중구 간접흡연 피해방지 조례,,100000,02-3396-5672,서울특별시 중구 장충단로 253,,서울특별시 중구청,37.56748719,127.0080774,2021-10-21
동대문역사문화공원,버스정류소 승차대로부터 10m이내,서울특별시,중구,가로변버스정류소,서울특별시 중구 간접흡연 피해방지 조례,,100000,02-3396-5672,서울특별시 중구 을지로 281,,서울특별시 중구청,37.56801422,127.0109091,2021-10-21
동대문역사문화공원,버스정류소 승차대로부터 10m이내,서울특별시,중구,가로변버스정류소,서울특별시 중구 간접흡연 피해방지 조례,,100000,02-3396-5672,서울특별시 중구 을지로 281,,서울특별시 중구청,37.56801422,127.0109091,2021-10-21
동대문역사문화공원,버스정류소 승차대로부터 10m이내,서울특별시,중구,가로변버스정류소,서울특별시 중구 간접흡연 피해방지 조례,,100000,02-3396-5672,서울특별시 중구 을지로 280-1,,서울특별시 중구청,37.56546529,127.0090008,2021-10-21
동대입구역(장충동),버스정류소 승차대로부터 10m이내,서울특별시,중구,가로변버스정류소,서울특별시 중구 간접흡연 피해방지 조례,,100000,02-3396-5672,서울특별시 중구 동호로 257-10,,서울특별시 중구청,37.5583621,127.0039522,2021-10-21
동산초등학교,학교 출입문으로부터 50m 이내,서울특별시,중구,학교절대정화구역,서울특별시 중구 간접흡연 피해방지 조례,,100000,02-3396-5672,서울특별시 중구 매봉18길 109,,서울특별시 중구청,37.5562058,127.0167272,2021-10-21
동호터널입구,버스정류소 승차대로부터 10m이내,서울특별시,중구,가로변버스정류소,서울특별시 중구 간접흡연 피해방지 조례,,100000,02-3396-5672,서울특별시 중구 동호로 166-14,,서울특별시 중구청,37.55307086,127.0124351,2021-10-21
동호터널입구,버스정류소 승차대로부터 10m이내,서울특별시,중구,가로변버스정류소,서울특별시 중구 간접흡연 피해방지 조례,,100000,02-3396-5672,서울특별시 중구 동호로 163,,서울특별시 중구청,37.552952,127.0117198,2021-10-21
동화나라어린이집,시설의경계선으로부터 10m 이내,서울특별시,중구,어린이집,서울특별시 중구 간접흡연 피해방지 조례,,100000,02-3396-5672,서울특별시 중구 다산로38길 80 (신당동),,서울특별시 중구청,37.5615233,127.019265,2021-10-21
동화동,버스정류소 승차대로부터 10m이내,서울특별시,중구,가로변버스정류소,서울특별시 중구 간접흡연 피해방지 조례,,100000,02-3396-5672,서울특별시 중구 청구로 32,,서울특별시 중구청,37.56007261,127.0185118,2021-10-21
동화동,버스정류소 승차대로부터 10m이내,서울특별시,중구,가로변버스정류소,서울특별시 중구 간접흡연 피해방지 조례,,100000,02-3396-5672,서울특별시 중구 청구로1길 23,,서울특별시 중구청,37.55853733,127.018448,2021-10-21
동화어린이집,시설의경계선으로부터 10m 이내,서울특별시,중구,어린이집,서울특별시 중구 간접흡연 피해방지 조례,,100000,02-3396-5672,서울특별시 중구 청구로 64,,서울특별시 중구청,37.55996133,127.0154514,2021-10-21
두산타워~굿모닝시티 일대 보도,서울특별시 두산타워~굿모닝시티 일대 보도,서울특별시,중구,관내 집단흡연지,서울특별시 중구 간접흡연 피해방지 조례,,100000,02-3396-5672,서울특별시 중구 장충단로 275,,서울특별시 중구청,37.56888548,127.0087748,2021-10-21
롯데mom편한어린이집,시설의경계선으로부터 10m 이내,서울특별시,중구,어린이집,서울특별시 중구 간접흡연 피해방지 조례,,100000,02-3396-5672,서울특별시 중구 소공로 35,,서울특별시 중구청,37.5582303,126.9817467,2021-10-21
롯데백화점,버스정류소 승차대로부터 10m이내,서울특별시,중구,가로변버스정류소,서울특별시 중구 간접흡연 피해방지 조례,,100000,02-3396-5672,서울특별시 중구 을지로 30,,서울특별시 중구청,37.56534517,126.981007,2021-10-21
롯데영프라자,버스정류소 승차대로부터 10m이내,서울특별시,중구,가로변버스정류소,서울특별시 중구 간접흡연 피해방지 조례,,100000,02-3396-5672,서울특별시 중구 남대문로 64-1,,서울특별시 중구청,37.56290186,126.9822391,2021-10-21
롯데캐슬어린이집,시설의경계선으로부터 10m 이내,서울특별시,중구,어린이집,서울특별시 중구 간접흡연 피해방지 조례,,100000,02-3396-5672,서울특별시 중구 청계천로 400,,서울특별시 중구청,37.5708733,127.0214621,2021-10-21
리라아트고등학교,학교 출입문으로부터 50m 이내,서울특별시,중구,학교절대정화구역,서울특별시 중구 간접흡연 피해방지 조례,,100000,02-3396-5672,서울특별시 중구 소파로2길 24,,서울특별시 중구청,37.55713262,126.9882252,2021-10-21
리라유치원,시설의경계선으로부터 10m 이내,서울특별시,중구,유치원,서울특별시 중구 간접흡연 피해방지 조례,,100000,02-3396-5672,서울특별시 중구 소파로 2길 7,,서울특별시 중구청,37.55782096,126.9879806,2021-10-21
리라초등학교,학교 출입문으로부터 50m 이내,서울특별시,중구,학교절대정화구역,서울특별시 중구 간접흡연 피해방지 조례,,100000,02-3396-5672,서울특별시 중구 소파로2길 7,,서울특별시 중구청,37.55782096,126.9879806,2021-10-21
리원어린이집,시설의경계선으로부터 10m 이내,서울특별시,중구,어린이집,서울특별시 중구 간접흡연 피해방지 조례,,100000,02-3396-5672,"서울특별시 중구 만리재로33길 21 (만리동1가, LIG서울역리가) 102-102",,서울특별시 중구청,37.55626004,126.9670028,2021-10-21
리틀포도나무어린이집,시설의경계선으로부터 10m 이내,서울특별시,중구,어린이집,서울특별시 중구 간접흡연 피해방지 조례,,100000,02-3396-5672,서울특별시 중구 퇴계로90길 74,,서울특별시 중구청,37.56103807,127.0209839,2021-10-21
마루어린이공원,시설전체,서울특별시,중구,공원,서울특별시 중구 간접흡연 피해방지 조례,337,100000,02-3396-5672,,서울특별시 중구 신당동 432-1918,서울특별시 중구청,37.55116553,127.0043988,2021-10-21
마주어린이집,시설의경계선으로부터 10m 이내,서울특별시,중구,어린이집,서울특별시 중구 간접흡연 피해방지 조례,,100000,02-3396-5672,서울특별시 중구 중림로 10,,서울특별시 중구청,37.55892621,126.9643216,2021-10-21
만리동고개,버스정류소 승차대로부터 10m이내,서울특별시,중구,가로변버스정류소,서울특별시 중구 간접흡연 피해방지 조례,,100000,02-3396-5672,,서울특별시 중구 만리동2가 228-4,서울특별시 중구청,37.5519961,126.9628759,2021-10-21
만리어린이집,시설의경계선으로부터 10m 이내,서울특별시,중구,어린이집,서울특별시 중구 간접흡연 피해방지 조례,,100000,02-3396-5672,서울특별시 중구 만리재로 175 (만리동2가),,서울특별시 중구청,37.55475289,126.9646359,2021-10-21
매일경제,버스정류소 승차대로부터 10m이내,서울특별시,중구,가로변버스정류소,서울특별시 중구 간접흡연 피해방지 조례,,100000,02-3396-5672,서울특별시 중구 충무로 2,,서울특별시 중구청,37.56157314,126.993458,2021-10-21
메트로타워 빌딩~SK남산빌딩 보도,서울특별시 메트로타워 빌딩~SK남산빌딩 보도,서울특별시,중구,관내 집단흡연지,서울특별시 중구 간접흡연 피해방지 조례,,100000,02-3396-5672,,서울특별시 중구 남대문로5가 520,서울특별시 중구청,37.55754535,126.9766087,2021-10-21
명동 지하도상가 출입구 시설물,명동 지하도상가 출입구 시설물 주변 10미터 이내,서울특별시,중구,지하도상가출입구,서울특별시 중구 간접흡연 피해방지 조례,,100000,02-3396-5672,,서울특별시 중구 남대문로2가 9-9,서울특별시 중구청,37.56404395,126.9799388,2021-10-21
명동국민은행앞,버스정류소 승차대로부터 10m이내,서울특별시,중구,가로변버스정류소,서울특별시 중구 간접흡연 피해방지 조례,,100000,02-3396-5672,,서울특별시 중구 남대문로 2가 9-9,서울특별시 중구청,37.56404395,126.9799388,2021-10-21
명동역4번출구 주변,서울특별시 중구 명동역4번출구 주변 288m거리,서울특별시,중구,거리,서울특별시 중구 간접흡연 피해방지 조례,,100000,02-3396-5672,서울특별시 중구 퇴계로 122-1,,서울특별시 중구청,37.56071627,126.9851837,2021-10-21
명동입구,버스정류소 승차대로부터 10m이내,서울특별시,중구,가로변버스정류소,서울특별시 중구 간접흡연 피해방지 조례,,100000,02-3396-5672,서울특별시 중구 퇴계로 115,,서울특별시 중구청,37.56105333,126.9845122,2021-10-21
무교1(소공원),시설전체,서울특별시,중구,공원,서울특별시 중구 간접흡연 피해방지 조례,570,100000,02-3396-5672,,서울특별시 중구 무교동 97-2,서울특별시 중구청,37.568381,126.979061,2021-10-21
무교어린이공원,시설전체,서울특별시,중구,공원,서울특별시 중구 간접흡연 피해방지 조례,1245,100000,02-3396-5672,,서울특별시 중구 태평로1가 2-2,서울특별시 중구청,37.568861,126.977611,2021-10-21
무지개어린이집,시설의경계선으로부터 10m 이내,서울특별시,중구,어린이집,서울특별시 중구 간접흡연 피해방지 조례,,100000,02-3396-5672,서울특별시 중구 청구로1길 23,,서울특별시 중구청,37.55853733,127.018448,2021-10-21
무학봉근린공원,시설전체,서울특별시,중구,공원,서울특별시 중구 간접흡연 피해방지 조례,9213,100000,02-3396-5672,,서울특별시 중구 신당동 848-2,서울특별시 중구청,37.5620231,127.0244932,2021-10-21
묵정어린이공원,시설전체,서울특별시,중구,공원,서울특별시 중구 간접흡연 피해방지 조례,3907,100000,02-3396-5672,,서울특별시 중구 충무로5가 21,서울특별시 중구청,37.56368166,126.9998008,2021-10-21
미담어린이집,시설의경계선으로부터 10m 이내,서울특별시,중구,어린이집,서울특별시 중구 간접흡연 피해방지 조례,,100000,02-3396-5672,서울특별시 중구 퇴계로 447,,서울특별시 중구청,37.56604027,127.0217363,2021-10-21
밤비니몬테소리어린이집,시설의경계선으로부터 10m 이내,서울특별시,중구,어린이집,서울특별시 중구 간접흡연 피해방지 조례,,100000,02-3396-5672,서울특별시 중구 다산로 32,,서울특별시 중구청,37.54716803,127.0056761,2021-10-21
방산시장,버스정류소 승차대로부터 10m이내,서울특별시,중구,가로변버스정류소,서울특별시 중구 간접흡연 피해방지 조례,,100000,02-3396-5672,서울특별시 중구 동호로 376,,서울특별시 중구청,37.5679091,127.0024857,2021-10-21
방산종합시장,버스정류소 승차대로부터 10m이내,서울특별시,중구,가로변버스정류소,서울특별시 중구 간접흡연 피해방지 조례,,100000,02-3396-5672,서울특별시 중구 동호로 373-2,,서울특별시 중구청,37.56786947,127.0019062,2021-10-21
배재어린이공원,시설전체,서울특별시,중구,공원,서울특별시 중구 간접흡연 피해방지 조례,2877,100000,02-3396-5672,,서울특별시 중구 정동 34-31,서울특별시 중구청,37.56440726,126.972691,2021-10-21
백남빌딩 및 재능빌딩 뒷편 일대 도로,서울특별시 백남빌딩 및 재능빌딩 뒷편 일대 도로,서울특별시,중구,관내 집단흡연지,서울특별시 중구 간접흡연 피해방지 조례,,100000,02-3396-5672,,서울특별시 중구 을지로1가 188-3,서울특별시 중구청,37.56563322,126.9794313,2021-10-21
백범광장,버스정류소 승차대로부터 10m이내,서울특별시,중구,가로변버스정류소,서울특별시 중구 간접흡연 피해방지 조례,,100000,02-3396-5672,서울특별시 중구 퇴계로8길 94,,서울특별시 중구청,37.5558305,126.9801131,2021-10-21
버티고개,버스정류소 승차대로부터 10m이내,서울특별시,중구,가로변버스정류소,서울특별시 중구 간접흡연 피해방지 조례,,100000,02-3396-5672,서울특별시 중구 동호로17길 256-35,,서울특별시 중구청,37.54803657,127.0061741,2021-10-21
버티고개,버스정류소 승차대로부터 10m이내,서울특별시,중구,가로변버스정류소,서울특별시 중구 간접흡연 피해방지 조례,,100000,02-3396-5672,서울특별시 중구 다산로 32,,서울특별시 중구청,37.54716803,127.0056761,2021-10-21
봉래초등학교,학교 출입문으로부터 50m 이내,서울특별시,중구,학교절대정화구역,서울특별시 중구 간접흡연 피해방지 조례,,100000,02-3396-5672,서울특별시 중구 손기정로 73,,서울특별시 중구청,37.5564109,126.9652508,2021-10-21
"북창동,남대문시장",버스정류소 승차대로부터 10m이내,서울특별시,중구,가로변버스정류소,서울특별시 중구 간접흡연 피해방지 조례,,100000,02-3396-5672,서울특별시 중구 남대문로 21-1,,서울특별시 중구청,37.56127937,126.978106,2021-10-21
"북창동,남대문시장",버스정류소 승차대로부터 10m이내,서울특별시,중구,가로변버스정류소,서울특별시 중구 간접흡연 피해방지 조례,,100000,02-3396-5672,서울특별시 중구 남대문로 15,,서울특별시 중구청,37.56120354,126.9773319,2021-10-21
삼성공원 및 서소문로12길 양측 보도,서울특별시 삼성공원 및 서소문로12길 양측 보도,서울특별시,중구,관내 집단흡연지,서울특별시 중구 간접흡연 피해방지 조례,,100000,02-3396-5672,,서울특별시 중구 서소문동 122-4,서울특별시 중구청,37.56175782,126.9744627,2021-10-21
삼성프라자,버스정류소 승차대로부터 10m이내,서울특별시,중구,가로변버스정류소,서울특별시 중구 간접흡연 피해방지 조례,,100000,02-3396-5672,서울특별시 중구 세종대로 73,,서울특별시 중구청,37.56296202,126.9759641,2021-10-21
새싹,서울특별시 중구 다산동 386-66 일대,서울특별시,중구,마을마당,서울특별시 중구 간접흡연 피해방지 조례,737,100000,02-3396-5672,,서울특별시 중구 신당동 386-82,서울특별시 중구청,37.55949746,127.0118397,2021-10-21
서대문역사거리(농협중앙회),버스정류소 승차대로부터 10m이내,서울특별시,중구,가로변버스정류소,서울특별시 중구 간접흡연 피해방지 조례,,100000,02-3396-5672,서울특별시 중구 새문안로 16,,서울특별시 중구청,37.56649939,126.9685558,2021-10-21
서소문,버스정류소 승차대로부터 10m이내,서울특별시,중구,가로변버스정류소,서울특별시 중구 간접흡연 피해방지 조례,,100000,02-3396-5672,서울특별시 중구 서소문로 116,,서울특별시 중구청,37.56273095,126.9740083,2021-10-21
서소문,버스정류소 승차대로부터 10m이내,서울특별시,중구,가로변버스정류소,서울특별시 중구 간접흡연 피해방지 조례,,100000,02-3396-5672,서울특별시 중구 서소문로 129,,서울특별시 중구청,37.56379799,126.9752259,2021-10-21
서소문근린공원,시설전체,서울특별시,중구,공원,서울특별시 중구 간접흡연 피해방지 조례,17340,100000,02-3396-5672,,서울특별시 중구 의주로2가 16-2,서울특별시 중구청,37.56056731,126.9688661,2021-10-21
서소문삼성어린이집,시설의경계선으로부터 10m 이내,서울특별시,중구,어린이집,서울특별시 중구 간접흡연 피해방지 조례,,100000,02-3396-5672,서울특별시 중구 을지로 19,,서울특별시 중구청,37.56630726,126.9799415,2021-10-21
서울광희초등학교병설유치원,시설의경계선으로부터 10m 이내,서울특별시,중구,유치원,서울특별시 중구 간접흡연 피해방지 조례,,100000,02-3396-5672,서울특별시 중구 다산로 269,,서울특별시 중구청,37.56729901,127.0156883,2021-10-21
"서울기동대, 광희초등학교",버스정류소 승차대로부터 10m이내,서울특별시,중구,가로변버스정류소,서울특별시 중구 간접흡연 피해방지 조례,,100000,02-3396-5672,서울특별시 중구 다산로 269,,서울특별시 중구청,37.56729901,127.0156883,2021-10-21
"서울다솜학교(3년,학력인정,대안학교)",학교 출입문으로부터 50m 이내,서울특별시,중구,학교절대정화구역,서울특별시 중구 간접흡연 피해방지 조례,,100000,02-3396-5672,서울특별시 중구 다산로 290,,서울특별시 중구청,37.56936387,127.0172825,2021-10-21
서울덕수초등학교병설유치원,시설의경계선으로부터 10m 이내,서울특별시,중구,유치원,서울특별시 중구 간접흡연 피해방지 조례,,100000,02-3396-5672,서울특별시 중구 덕수궁길 140,,서울특별시 중구청,37.56908852,126.9746581,2021-10-21
서울센터빌딩~조선호텔 일대 보도,서울특별시 서울센터빌딩~조선호텔 일대 보도,서울특별시,중구,관내 집단흡연지,서울특별시 중구 간접흡연 피해방지 조례,,100000,02-3396-5672,,서울특별시 중구 소공동 91-1,서울특별시 중구청,37.56485828,126.978903,2021-10-21
서울스퀘어~서울시티타워 일대 보도,서울특별시 서울스퀘어~서울시티타워 일대 보도,서울특별시,중구,관내 집단흡연지,서울특별시 중구 간접흡연 피해방지 조례,,100000,02-3396-5672,서울특별시 중구 한강대로 416,,서울특별시 중구청,37.55550489,126.9737528,2021-10-21
서울시청직장어린이집,시설의경계선으로부터 10m 이내,서울특별시,중구,어린이집,서울특별시 중구 간접흡연 피해방지 조례,,100000,02-3396-5672,서울특별시 중구 서소문로11길 24,,서울특별시 중구청,37.56393448,126.9731115,2021-10-21
서울신문사,버스정류소 승차대로부터 10m이내,서울특별시,중구,가로변버스정류소,서울특별시 중구 간접흡연 피해방지 조례,,100000,02-3396-5672,서울특별시 중구 세종대로 136,,서울특별시 중구청,37.5684225,126.9782579,2021-10-21
"서울실용음악학교(3년,학력인정,대안학교)",학교 출입문으로부터 50m 이내,서울특별시,중구,학교절대정화구역,서울특별시 중구 간접흡연 피해방지 조례,,100000,02-3396-5672,서울특별시 중구 퇴계로88가길 8,,서울특별시 중구청,37.56334468,127.0206314,2021-10-21
"서울애니메이션센터, 승의여대",버스정류소 승차대로부터 10m이내,서울특별시,중구,가로변버스정류소,서울특별시 중구 간접흡연 피해방지 조례,,100000,02-3396-5672,서울특별시 중구 소파로 126,,서울특별시 중구청,37.55831474,126.9882884,2021-10-21
"서울역, YTN",버스정류소 승차대로부터 10m이내,서울특별시,중구,가로변버스정류소,서울특별시 중구 간접흡연 피해방지 조례,,100000,02-3396-5672,서울특별시 중구 세종대로 11-1,,서울특별시 중구청,37.55822937,126.9731362,2021-10-21
"서울역, YTN",버스정류소 승차대로부터 10m이내,서울특별시,중구,가로변버스정류소,서울특별시 중구 간접흡연 피해방지 조례,,100000,02-3396-5672,서울특별시 중구 세종대로 23,,서울특별시 중구청,37.55909088,126.9738466,2021-10-21
서울역.서울스퀘어,버스정류소 승차대로부터 10m이내,서울특별시,중구,가로변버스정류소,서울특별시 중구 간접흡연 피해방지 조례,,100000,02-3396-5672,서울특별시 중구 한강대로 416,,서울특별시 중구청,37.55550489,126.9737528,2021-10-21
서울역서부,버스정류소 승차대로부터 10m이내,서울특별시,중구,가로변버스정류소,서울특별시 중구 간접흡연 피해방지 조례,,100000,02-3396-5672,서울특별시 중구 한강대로 405,,서울특별시 중구청,37.55472902,126.969525,2021-10-21
서울역서부,버스정류소 승차대로부터 10m이내,서울특별시,중구,가로변버스정류소,서울특별시 중구 간접흡연 피해방지 조례,,100000,02-3396-5672,서울특별시 중구 한강대로 405,,서울특별시 중구청,37.55472902,126.969525,2021-10-21
서울역서부,버스정류소 승차대로부터 10m이내,서울특별시,중구,가로변버스정류소,서울특별시 중구 간접흡연 피해방지 조례,,100000,02-3396-5672,서울특별시 중구 청파로 433,,서울특별시 중구청,37.55826802,126.9690753,2021-10-21
서울역센트럴자이,"복도,계단,엘리베이터,지하주차장",서울특별시,중구,공동주택,서울특별시 중구 간접흡연 피해방지 조례,,50000,02-3396-5672,서울특별시 중구 만리재로 175,,서울특별시 중구청,37.55475289,126.9646359,2021-10-21
서울역한라비발디아파트,"복도,계단,엘리베이터,지하주차장",서울특별시,중구,공동주택,서울특별시 중구 간접흡연 피해방지 조례,,50000,02-3396-5672,서울특별시 중구 만리재로 177,,서울특별시 중구청,37.55446168,126.9658367,2021-10-21
서울장충유치원,시설의경계선으로부터 10m 이내,서울특별시,중구,유치원,서울특별시 중구 간접흡연 피해방지 조례,,100000,02-3396-5672,서울특별시 중구 청구로 17길 40,,서울특별시 중구청,37.55997257,127.0117028,2021-10-21
서울중앙우체국옆 도로,서울특별시 중구 포스트타워 옆면~명동8나길 50등 도로 120m 거리,서울특별시,중구,거리,서울특별시 중구 간접흡연 피해방지 조례,,100000,02-3396-5672,서울특별시 중구 소공로 70,,서울특별시 중구청,37.56159874,126.9821691,2021-10-21
서울충무초등학교병설유치원,시설의경계선으로부터 10m 이내,서울특별시,중구,유치원,서울특별시 중구 간접흡연 피해방지 조례,,100000,02-3396-5672,서울특별시 중구 퇴계로 50길 13,,서울특별시 중구청,37.5619668,127.001236,2021-10-21
서울충무초등학교병설유치원,시설의경계선으로부터 10m 이내,서울특별시,중구,유치원,서울특별시 중구 간접흡연 피해방지 조례,,100000,02-3396-5672,서울특별시 중구 퇴계로 88다길 5,,서울특별시 중구청,37.563149,127.0200609,2021-10-21
성동고등학교,버스정류소 승차대로부터 10m이내,서울특별시,중구,가로변버스정류소,서울특별시 중구 간접흡연 피해방지 조례,,100000,02-3396-5672,서울특별시 중구 퇴계로 453,,서울특별시 중구청,37.56561492,127.0221488,2021-10-21
성동고등학교,버스정류소 승차대로부터 10m이내,서울특별시,중구,가로변버스정류소,서울특별시 중구 간접흡연 피해방지 조례,,100000,02-3396-5672,서울특별시 중구 퇴계로 460,,서울특별시 중구청,37.56509222,127.022787,2021-10-21
성동고등학교,학교 출입문으로부터 50m 이내,서울특별시,중구,학교절대정화구역,서울특별시 중구 간접흡연 피해방지 조례,,100000,02-3396-5672,서울특별시 중구 퇴계로90길 17,,서울특별시 중구청,37.56416247,127.0223883,2021-10-21
성동공고(무궁화회관),버스정류소 승차대로부터 10m이내,서울특별시,중구,가로변버스정류소,서울특별시 중구 간접흡연 피해방지 조례,,100000,02-3396-5672,서울특별시 중구 다산로 289,,서울특별시 중구청,37.56884155,127.0154849,2021-10-21
성동공고(무궁화회관),버스정류소 승차대로부터 10m이내,서울특별시,중구,가로변버스정류소,서울특별시 중구 간접흡연 피해방지 조례,,100000,02-3396-5672,서울특별시 중구 다산로 290,,서울특별시 중구청,37.56936387,127.0172825,2021-10-21
성동공업고등학교,학교 출입문으로부터 50m 이내,서울특별시,중구,학교절대정화구역,서울특별시 중구 간접흡연 피해방지 조례,,100000,02-3396-5672,서울특별시 중구 다산로 290,,서울특별시 중구청,37.56936387,127.0172825,2021-10-21
성동글로벌경영고등학교,학교 출입문으로부터 50m 이내,서울특별시,중구,학교절대정화구역,서울특별시 중구 간접흡연 피해방지 조례,,100000,02-3396-5672,서울특별시 중구 퇴계로 375,,서울특별시 중구청,37.56585408,127.0135238,2021-10-21
소공 지하도상가 출입구 시설물,소공 지하도상가 출입구 시설물 주변 10미터 이내,서울특별시,중구,지하도상가출입구,서울특별시 중구 간접흡연 피해방지 조례,,100000,02-3396-5672,,서울특별시 중구 남대문로2가 9-9,서울특별시 중구청,37.56404395,126.9799388,2021-10-21
손기정체육공원,시설전체,서울특별시,중구,공원,서울특별시 중구 간접흡연 피해방지 조례,29682,100000,02-3396-5672,,서울특별시 중구 만리동 2가 6-1,서울특별시 중구청,37.55592073,126.9645377,2021-10-21
손기정체육공원,버스정류소 승차대로부터 10m이내,서울특별시,중구,가로변버스정류소,서울특별시 중구 간접흡연 피해방지 조례,,100000,02-3396-5672,서울특별시 중구 만리재로 183,,서울특별시 중구청,37.554584,126.9663517,2021-10-21
송도병원앞,버스정류소 승차대로부터 10m이내,서울특별시,중구,가로변버스정류소,서울특별시 중구 간접흡연 피해방지 조례,,100000,02-3396-5672,서울특별시 중구 다산로 64-1,,서울특별시 중구청,37.55018446,127.007822,2021-10-21
송도병원앞,버스정류소 승차대로부터 10m이내,서울특별시,중구,가로변버스정류소,서울특별시 중구 간접흡연 피해방지 조례,,100000,02-3396-5672,서울특별시 중구 다산로 61,,서울특별시 중구청,37.55000789,127.0073557,2021-10-21
수암유치원,시설의경계선으로부터 10m 이내,서울특별시,중구,유치원,서울특별시 중구 간접흡연 피해방지 조례,,100000,02-3396-5672,서울특별시 중구 다산로 32,,서울특별시 중구청,37.54716803,127.0056761,2021-10-21
순화(문화공원),시설전체,서울특별시,중구,공원,서울특별시 중구 간접흡연 피해방지 조례,2103,100000,02-3396-5672,,서울특별시 중구 순화동 216-2,서울특별시 중구청,37.560111,126.971551,2021-10-21
순화어린이공원,시설전체,서울특별시,중구,공원,서울특별시 중구 간접흡연 피해방지 조례,,100000,02-3396-5672,,서울특별시 중구 순화동 217-6,서울특별시 중구청,37.563458,126.9712668,2021-10-21
숭례문,버스정류소 승차대로부터 10m이내,서울특별시,중구,가로변버스정류소,서울특별시 중구 간접흡연 피해방지 조례,,100000,02-3396-5672,서울특별시 중구 세종대로 26-1,,서울특별시 중구청,37.5587955,126.9745167,2021-10-21
숭례문,버스정류소 승차대로부터 10m이내,서울특별시,중구,가로변버스정류소,서울특별시 중구 간접흡연 피해방지 조례,,100000,02-3396-5672,서울특별시 중구 세종대로 22,,서울특별시 중구청,37.55852876,126.9742905,2021-10-21
숭례문,버스정류소 승차대로부터 10m이내,서울특별시,중구,가로변버스정류소,서울특별시 중구 간접흡연 피해방지 조례,,100000,02-3396-5672,서울특별시 중구 세종대로 40,,서울특별시 중구청,37.55992733,126.9753584,2021-10-21
숭례문(남산방향),버스정류소 승차대로부터 10m이내,서울특별시,중구,가로변버스정류소,서울특별시 중구 간접흡연 피해방지 조례,,100000,02-3396-5672,서울특별시 중구 소월로 10,,서울특별시 중구청,37.55853981,126.9754132,2021-10-21
숭의여자대학교,학교 출입문으로부터 50m 이내,서울특별시,중구,학교절대정화구역,서울특별시 중구 간접흡연 피해방지 조례,,100000,02-3396-5672,서울특별시 중구 소파로 2길 10,,서울특별시 중구청,37.55785335,126.9874826,2021-10-21
숭의여자대학교부설유치원,시설의경계선으로부터 10m 이내,서울특별시,중구,유치원,서울특별시 중구 간접흡연 피해방지 조례,,100000,02-3396-5672,서울특별시 중구 소파로 2길 10,,서울특별시 중구청,37.55785335,126.9874826,2021-10-21
숭의초등학교,학교 출입문으로부터 50m 이내,서울특별시,중구,학교절대정화구역,서울특별시 중구 간접흡연 피해방지 조례,,100000,02-3396-5672,서울특별시 중구 소파로2길 10,,서울특별시 중구청,37.55785335,126.9874826,2021-10-21
스테이트타워~남산쌍용플래티넘 일대 보도,서울특별시 스테이트타워~남산쌍용플래티넘 일대 보도,서울특별시,중구,관내 집단흡연지,서울특별시 중구 간접흡연 피해방지 조례,,100000,02-3396-5672,,서울특별시 중구 회현동2가 88,서울특별시 중구청,37.56020618,126.982901,2021-10-21
시청광장 지하도상가 출입구 시설물,시청광장 지하도상가 출입구 시설물 주변 10미터 이내,서울특별시,중구,지하도상가출입구,서울특별시 중구 간접흡연 피해방지 조례,,100000,02-3396-5672,서울특별시 중구 을지로 120,,서울특별시 중구청,37.56611762,126.991212,2021-10-21
시청앞,버스정류소 승차대로부터 10m이내,서울특별시,중구,가로변버스정류소,서울특별시 중구 간접흡연 피해방지 조례,,100000,02-3396-5672,서울특별시 중구 세종대로 70-1,,서울특별시 중구청,37.56242877,126.9766932,2021-10-21
시청앞,버스정류소 승차대로부터 10m이내,서울특별시,중구,가로변버스정류소,서울특별시 중구 간접흡연 피해방지 조례,,100000,02-3396-5672,서울특별시 중구 세종대로 67,,서울특별시 중구청,37.56238169,126.9755613,2021-10-21
시청앞,버스정류소 승차대로부터 10m이내,서울특별시,중구,가로변버스정류소,서울특별시 중구 간접흡연 피해방지 조례,,100000,02-3396-5672,서울특별시 중구 세종대로 73,,서울특별시 중구청,37.56296202,126.9759641,2021-10-21
시청앞,버스정류소 승차대로부터 10m이내,서울특별시,중구,가로변버스정류소,서울특별시 중구 간접흡연 피해방지 조례,,100000,02-3396-5672,서울특별시 중구 서소문로 129,,서울특별시 중구청,37.56379799,126.9752259,2021-10-21
신당 지하도상가 출입구 시설물,신당 지하도상가 출입구 시설물 주변 10미터 이내,서울특별시,중구,지하도상가출입구,서울특별시 중구 간접흡연 피해방지 조례,,100000,02-3396-5672,,서울특별시 중구 황학동 370-1,서울특별시 중구청,37.56752911,127.0194644,2021-10-21
신당5동어린이집,시설의경계선으로부터 10m 이내,서울특별시,중구,어린이집,서울특별시 중구 간접흡연 피해방지 조례,,100000,02-3396-5672,서울특별시 중구 퇴계로88가길 8-10,,서울특별시 중구청,37.56302751,127.0207617,2021-10-21
신당KCC스위첸아파트,"계단,엘리베이터,지하주차장",서울특별시,중구,공동주택,서울특별시 중구 간접흡연 피해방지 조례,,50000,02-3396-5672,서울특별시 중구 난계로 130,,서울특별시 중구청,37.56333277,127.0245094,2021-10-21
신당동,서울특별시 중구 신당동 296-15일대,서울특별시,중구,마을마당,서울특별시 중구 간접흡연 피해방지 조례,1146,100000,02-3396-5672,,서울특별시 중구 신당동 296-1,서울특별시 중구청,37.56076163,127.0137357,2021-10-21
신당동(떡볶이),서울특별시 중구 신당동 241-137 일대,서울특별시,중구,마을마당,서울특별시 중구 간접흡연 피해방지 조례,483,100000,02-3396-5672,,서울특별시 중구 신당동 241-137,서울특별시 중구청,37.563371,127.014331,2021-10-21
신당동(박정희가옥),버스정류소 승차대로부터 10m이내,서울특별시,중구,가로변버스정류소,서울특별시 중구 간접흡연 피해방지 조례,,100000,02-3396-5672,서울특별시 중구 다산로 216,,서울특별시 중구청,37.56240125,127.0153342,2021-10-21
신당동(청구역),버스정류소 승차대로부터 10m이내,서울특별시,중구,가로변버스정류소,서울특별시 중구 간접흡연 피해방지 조례,,100000,02-3396-5672,서울특별시 중구 다산로 174,,서울특별시 중구청,37.55897769,127.0134049,2021-10-21
신당동(청구역),버스정류소 승차대로부터 10m이내,서울특별시,중구,가로변버스정류소,서울특별시 중구 간접흡연 피해방지 조례,,100000,02-3396-5672,서울특별시 중구 다산로 177,,서울특별시 중구청,37.55947509,127.0129794,2021-10-21
신당동대우푸르지오,버스정류소 승차대로부터 10m이내,서울특별시,중구,가로변버스정류소,서울특별시 중구 간접흡연 피해방지 조례,,100000,02-3396-5672,서울특별시 중구 다산로36길 100,,서울특별시 중구청,37.55998237,127.0194217,2021-10-21
신당동떡볶이타운,버스정류소 승차대로부터 10m이내,서울특별시,중구,가로변버스정류소,서울특별시 중구 간접흡연 피해방지 조례,,100000,02-3396-5672,서울특별시 중구 다산로 217-1,,서울특별시 중구청,37.56266078,127.0149358,2021-10-21
신당동삼성아파트,버스정류소 승차대로부터 10m이내,서울특별시,중구,가로변버스정류소,서울특별시 중구 간접흡연 피해방지 조례,,100000,02-3396-5672,서울특별시 중구 청구로1길 23,,서울특별시 중구청,37.55853733,127.018448,2021-10-21
신당동어린이집,시설의경계선으로부터 10m 이내,서울특별시,중구,어린이집,서울특별시 중구 간접흡연 피해방지 조례,,100000,02-3396-5672,서울특별시 중구 청구로8길 41 (신당동),,서울특별시 중구청,37.562211,127.0141037,2021-10-21
신당삼성어린이집,시설의경계선으로부터 10m 이내,서울특별시,중구,어린이집,서울특별시 중구 간접흡연 피해방지 조례,,100000,02-3396-5672,서울특별시 중구 동호로15길 21-36,,서울특별시 중구청,37.5557463,127.0093119,2021-10-21
신당역(중앙시장앞),버스정류소 승차대로부터 10m이내,서울특별시,중구,가로변버스정류소,서울특별시 중구 간접흡연 피해방지 조례,,100000,02-3396-5672,서울특별시 중구 퇴계로 423,,서울특별시 중구청,37.56583895,127.0187486,2021-10-21
신당역(중앙시장앞),버스정류소 승차대로부터 10m이내,서울특별시,중구,가로변버스정류소,서울특별시 중구 간접흡연 피해방지 조례,,100000,02-3396-5672,서울특별시 중구 퇴계로 430-1,,서울특별시 중구청,37.56549285,127.0195047,2021-10-21
신당제6구역(어린이공원),시설전체,서울특별시,중구,공원,서울특별시 중구 간접흡연 피해방지 조례,2569,100000,02-3396-5672,,서울특별시 중구 신당동 851-9,서울특별시 중구청,37.5606932,127.0203973,2021-10-21
신당제7구역(어린이공원),시설전체,서울특별시,중구,공원,서울특별시 중구 간접흡연 피해방지 조례,3071,100000,02-3396-5672,,서울특별시 중구 신당동 852-4,서울특별시 중구청,37.56049514,127.018181,2021-10-21
신당중앙어린이집,시설의경계선으로부터 10m 이내,서울특별시,중구,어린이집,서울특별시 중구 간접흡연 피해방지 조례,,100000,02-3396-5672,서울특별시 중구 다산로 165 (신당동),,서울특별시 중구청,37.55836875,127.0122141,2021-10-21
신당초등학교,학교 출입문으로부터 50m 이내,서울특별시,중구,학교절대정화구역,서울특별시 중구 간접흡연 피해방지 조례,,100000,02-3396-5672,서울특별시 중구 난계로 141,,서울특별시 중구청,37.56362522,127.0236739,2021-10-21
신당초등학교앞,버스정류소 승차대로부터 10m이내,서울특별시,중구,가로변버스정류소,서울특별시 중구 간접흡연 피해방지 조례,,100000,02-3396-5672,서울특별시 중구 난계로 141,,서울특별시 중구청,37.56362522,127.0236739,2021-10-21
신세계앞,버스정류소 승차대로부터 10m이내,서울특별시,중구,가로변버스정류소,서울특별시 중구 간접흡연 피해방지 조례,,100000,02-3396-5672,서울특별시 중구 소공로 63,,서울특별시 중구청,37.56091947,126.980981,2021-10-21
신일교회어린이집,시설의경계선으로부터 10m 이내,서울특별시,중구,어린이집,서울특별시 중구 간접흡연 피해방지 조례,,100000,02-3396-5672,서울특별시 중구 다산로 128-9,,서울특별시 중구청,37.55502431,127.0115075,2021-10-21
신일유치원,시설의경계선으로부터 10m 이내,서울특별시,중구,유치원,서울특별시 중구 간접흡연 피해방지 조례,,100000,02-3396-5672,서울특별시 중구 동호로 10길 27,,서울특별시 중구청,37.5553533,127.0118535,2021-10-21
신한꿈나무어린이집,시설의경계선으로부터 10m 이내,서울특별시,중구,어린이집,서울특별시 중구 간접흡연 피해방지 조례,,100000,02-3396-5672,서울특별시 중구 삼일대로 358,,서울특별시 중구청,37.56648856,126.988106,2021-10-21
쌍림동(소공원),시설전체,서울특별시,중구,공원,서울특별시 중구 간접흡연 피해방지 조례,199,100000,02-3396-5672,,서울특별시 중구 쌍림동 292-2,서울특별시 중구청,37.563511,127.003091,2021-10-21
쌍림어린이공원,시설전체,서울특별시,중구,공원,서울특별시 중구 간접흡연 피해방지 조례,1500,100000,02-3396-5672,,서울특별시 중구 광희동 1가 238,서울특별시 중구청,37.56427056,127.0051318,2021-10-21
아기사랑어린이집,시설의경계선으로부터 10m 이내,서울특별시,중구,어린이집,서울특별시 중구 간접흡연 피해방지 조례,,100000,02-3396-5672,서울특별시 중구 다산로32길 25 (신당동),,서울특별시 중구청,37.5608315,127.0158309,2021-10-21
약수교회어린이집,시설의경계선으로부터 10m 이내,서울특별시,중구,어린이집,서울특별시 중구 간접흡연 피해방지 조례,,100000,02-3396-5672,서울특별시 중구 다산로8길 32 (신당동),,서울특별시 중구청,37.55254906,127.0109232,2021-10-21
약수동,서울특별시 중구 약수동 349-214 일대,서울특별시,중구,마을마당,서울특별시 중구 간접흡연 피해방지 조례,822,100000,02-3396-5672,,서울특별시 중구 신당동 842,서울특별시 중구청,37.55530847,127.0163105,2021-10-21
약수어린이공원,시설전체,서울특별시,중구,공원,서울특별시 중구 간접흡연 피해방지 조례,1656,100000,02-3396-5672,,서울특별시 중구 신당동 842-1,서울특별시 중구청,37.55566572,127.013811,2021-10-21
약수어린이집,시설의경계선으로부터 10m 이내,서울특별시,중구,어린이집,서울특별시 중구 간접흡연 피해방지 조례,,100000,02-3396-5672,서울특별시 중구 다산로6길 15 (신당동),,서울특별시 중구청,37.55232513,127.0092264,2021-10-21
약수역,버스정류소 승차대로부터 10m이내,서울특별시,중구,가로변버스정류소,서울특별시 중구 간접흡연 피해방지 조례,,100000,02-3396-5672,서울특별시 중구 다산로 133,,서울특별시 중구청,37.55578842,127.010919,2021-10-21
약수역,버스정류소 승차대로부터 10m이내,서울특별시,중구,가로변버스정류소,서울특별시 중구 간접흡연 피해방지 조례,,100000,02-3396-5672,서울특별시 중구 다산로 134,,서울특별시 중구청,37.55568385,127.0114215,2021-10-21
약수역,버스정류소 승차대로부터 10m이내,서울특별시,중구,가로변버스정류소,서울특별시 중구 간접흡연 피해방지 조례,,100000,02-3396-5672,서울특별시 중구 다산로 111,,서울특별시 중구청,37.55401535,127.0098414,2021-10-21
약수역,버스정류소 승차대로부터 10m이내,서울특별시,중구,가로변버스정류소,서울특별시 중구 간접흡연 피해방지 조례,,100000,02-3396-5672,서울특별시 중구 다산로 98,,서울특별시 중구청,37.55288734,127.0093297,2021-10-21
약수유치원,시설의경계선으로부터 10m 이내,서울특별시,중구,유치원,서울특별시 중구 간접흡연 피해방지 조례,,100000,02-3396-5672,서울특별시 중구 동호로 10길 30,,서울특별시 중구청,37.55530847,127.0163105,2021-10-21
양동(어린이공원),시설전체,서울특별시,중구,공원,서울특별시 중구 간접흡연 피해방지 조례,3,100000,02-3396-5672,,서울특별시 중구 남대문로5가 541-3,서울특별시 중구청,37.55518223,126.974541,2021-10-21
엄마품어린이집,시설의경계선으로부터 10m 이내,서울특별시,중구,어린이집,서울특별시 중구 간접흡연 피해방지 조례,,100000,02-3396-5672,서울특별시 중구 청구로1길 23,,서울특별시 중구청,37.55853733,127.018448,2021-10-21
엔젤어린이집,시설의경계선으로부터 10m 이내,서울특별시,중구,어린이집,서울특별시 중구 간접흡연 피해방지 조례,,100000,02-3396-5672,서울특별시 중구 중림로 10,,서울특별시 중구청,37.55892621,126.9643216,2021-10-21
"여명학교(3년,학력인정,대안학교)",학교 출입문으로부터 50m 이내,서울특별시,중구,학교절대정화구역,서울특별시 중구 간접흡연 피해방지 조례,,100000,02-3396-5672,서울특별시 중구 소파로 99,,서울특별시 중구청,37.55690167,126.9855362,2021-10-21
염천교,버스정류소 승차대로부터 10m이내,서울특별시,중구,가로변버스정류소,서울특별시 중구 간접흡연 피해방지 조례,,100000,02-3396-5672,서울특별시 중구 칠패로 37,,서울특별시 중구청,37.56009621,126.9730268,2021-10-21
영락교회어린이집,시설의경계선으로부터 10m 이내,서울특별시,중구,어린이집,서울특별시 중구 간접흡연 피해방지 조례,,100000,02-3396-5672,서울특별시 중구 수표로 33 (저동2가),,서울특별시 중구청,37.56318381,126.9891795,2021-10-21
영락유치원,시설의경계선으로부터 10m 이내,서울특별시,중구,유치원,서울특별시 중구 간접흡연 피해방지 조례,,100000,02-3396-5672,서울특별시 중구 수표로33,,서울특별시 중구청,37.56318381,126.9891795,2021-10-21
예금보험공사어린이집,시설의경계선으로부터 10m 이내,서울특별시,중구,어린이집,서울특별시 중구 간접흡연 피해방지 조례,,100000,02-3396-5672,서울특별시 중구 청계천로 30,,서울특별시 중구청,37.56850223,126.9807348,2021-10-21
예랑어린이집,시설의경계선으로부터 10m 이내,서울특별시,중구,어린이집,서울특별시 중구 간접흡연 피해방지 조례,,100000,02-3396-5672,서울특별시 중구 다산로33길 47 (신당동),,서울특별시 중구청,37.5631113,127.0124019,2021-10-21
예원학교,학교 출입문으로부터 50m 이내,서울특별시,중구,학교절대정화구역,서울특별시 중구 간접흡연 피해방지 조례,,100000,02-3396-5672,서울특별시 중구 정동길 25,,서울특별시 중구청,37.56702272,126.9715438,2021-10-21
예지어린이집,시설의경계선으로부터 10m 이내,서울특별시,중구,어린이집,서울특별시 중구 간접흡연 피해방지 조례,,100000,02-3396-5672,서울특별시 중구 청구로6길 32 (신당동),,서울특별시 중구청,37.5612369,127.0152801,2021-10-21
우리누리어린이집,시설의경계선으로부터 10m 이내,서울특별시,중구,어린이집,서울특별시 중구 간접흡연 피해방지 조례,,100000,02-3396-5672,서울특별시 중구 삼일대로 340,,서울특별시 중구청,37.5650049,126.9881832,2021-10-21
우리은행(종로지점),버스정류소 승차대로부터 10m이내,서울특별시,중구,가로변버스정류소,서울특별시 중구 간접흡연 피해방지 조례,,100000,02-3396-5672,서울특별시 중구 남대문로 118,,서울특별시 중구청,37.56770016,126.983148,2021-10-21
우리은행어린이집,시설의경계선으로부터 10m 이내,서울특별시,중구,어린이집,서울특별시 중구 간접흡연 피해방지 조례,,100000,02-3396-5672,서울특별시 중구 소공로 51,,서울특별시 중구청,37.5594007,126.9817325,2021-10-21
유안타증권~YMCA,서울특별시 중구 유안타증권빌딩~YWCA 430m 거리,서울특별시,중구,거리,서울특별시 중구 간접흡연 피해방지 조례,,100000,02-3396-5672,서울특별시 중구 을지로 76,,서울특별시 중구청,37.56570927,126.9862327,2021-10-21
은지어린이집,시설의경계선으로부터 10m 이내,서울특별시,중구,어린이집,서울특별시 중구 간접흡연 피해방지 조례,,100000,02-3396-5672,서울특별시 중구 다산로36가길 36,,서울특별시 중구청,37.5613567,127.0204704,2021-10-21
을지로 푸르니 하나금융어린이집,시설의경계선으로부터 10m 이내,서울특별시,중구,어린이집,서울특별시 중구 간접흡연 피해방지 조례,,100000,02-3396-5672,서울특별시 중구 을지로 55,,서울특별시 중구청,37.56640879,126.9840091,2021-10-21
을지로2가,버스정류소 승차대로부터 10m이내,서울특별시,중구,가로변버스정류소,서울특별시 중구 간접흡연 피해방지 조례,,100000,02-3396-5672,서울특별시 중구 을지로 100,,서울특별시 중구청,37.56564902,126.9881426,2021-10-21
"을지로2가,기업은행본점,서울노동청",버스정류소 승차대로부터 10m이내,서울특별시,중구,가로변버스정류소,서울특별시 중구 간접흡연 피해방지 조례,,100000,02-3396-5672,서울특별시 중구 을지로 79,,서울특별시 중구청,37.566492,126.9865666,2021-10-21
을지로2구역 지하도상가 출입구 시설물,을지로2구역 지하도상가 출입구 시설물 주변 10미터 이내,서울특별시,중구,지하도상가출입구,서울특별시 중구 간접흡연 피해방지 조례,,100000,02-3396-5672,,서울특별시 중구 을지로2가 149-10,서울특별시 중구청,37.56626595,126.9903084,2021-10-21
을지로3가,버스정류소 승차대로부터 10m이내,서울특별시,중구,가로변버스정류소,서울특별시 중구 간접흡연 피해방지 조례,,100000,02-3396-5672,서울특별시 중구 을지로 113-2,,서울특별시 중구청,37.56651761,126.9905373,2021-10-21
을지로3가,버스정류소 승차대로부터 10m이내,서울특별시,중구,가로변버스정류소,서울특별시 중구 간접흡연 피해방지 조례,,100000,02-3396-5672,서울특별시 중구 을지로 120,,서울특별시 중구청,37.56611762,126.991212,2021-10-21
을지로3구역 지하도상가 출입구 시설물,을지로3구역 지하도상가 출입구 시설물 주변 10미터 이내,서울특별시,중구,지하도상가출입구,서울특별시 중구 간접흡연 피해방지 조례,,100000,02-3396-5672,,서울특별시 중구 을지로3가 282-8,서울특별시 중구청,37.56644576,126.9940779,2021-10-21
을지로4가,버스정류소 승차대로부터 10m이내,서울특별시,중구,가로변버스정류소,서울특별시 중구 간접흡연 피해방지 조례,,100000,02-3396-5672,서울특별시 중구 을지로 161-4,,서울특별시 중구청,37.56677382,126.9962828,2021-10-21
을지로4가,버스정류소 승차대로부터 10m이내,서울특별시,중구,가로변버스정류소,서울특별시 중구 간접흡연 피해방지 조례,,100000,02-3396-5672,서울특별시 중구 을지로 170,,서울특별시 중구청,37.56613918,126.9973275,2021-10-21
을지로4구역 지하도상가 출입구 시설물,을지로4구역 지하도상가 출입구 시설물 주변 10미터 이내,서울특별시,중구,지하도상가출입구,서울특별시 중구 간접흡연 피해방지 조례,,100000,02-3396-5672,,서울특별시 중구 을지로 5가 76-4,서울특별시 중구청,37.56661166,127.0030878,2021-10-21
을지로5가,버스정류소 승차대로부터 10m이내,서울특별시,중구,가로변버스정류소,서울특별시 중구 간접흡연 피해방지 조례,,100000,02-3396-5672,서울특별시 중구 을지로 191,,서울특별시 중구청,37.56690362,126.9992846,2021-10-21
을지로5가,버스정류소 승차대로부터 10m이내,서울특별시,중구,가로변버스정류소,서울특별시 중구 간접흡연 피해방지 조례,,100000,02-3396-5672,서울특별시 중구 을지로 208,,서울특별시 중구청,37.56661529,127.0010595,2021-10-21
을지로5가,버스정류소 승차대로부터 10m이내,서울특별시,중구,가로변버스정류소,서울특별시 중구 간접흡연 피해방지 조례,,100000,02-3396-5672,서울특별시 중구 동호로 354,,서울특별시 중구청,37.56590168,127.0028026,2021-10-21
을지로6가,버스정류소 승차대로부터 10m이내,서울특별시,중구,가로변버스정류소,서울특별시 중구 간접흡연 피해방지 조례,,100000,02-3396-5672,서울특별시 중구 을지로 254,,서울특별시 중구청,37.56599164,127.0062979,2021-10-21
"을지로6가,국립중앙의료원",버스정류소 승차대로부터 10m이내,서울특별시,중구,가로변버스정류소,서울특별시 중구 간접흡연 피해방지 조례,,100000,02-3396-5672,서울특별시 중구 을지로 245,,서울특별시 중구청,37.5677252,127.005483,2021-10-21
을지로입구,버스정류소 승차대로부터 10m이내,서울특별시,중구,가로변버스정류소,서울특별시 중구 간접흡연 피해방지 조례,,100000,02-3396-5672,서울특별시 중구 을지로 29,,서울특별시 중구청,37.56648764,126.9810248,2021-10-21
을지로입구(외환은행),버스정류소 승차대로부터 10m이내,서울특별시,중구,가로변버스정류소,서울특별시 중구 간접흡연 피해방지 조례,,100000,02-3396-5672,서울특별시 중구 을지로 66,,서울특별시 중구청,37.56515473,126.9850094,2021-10-21
"을지로입구역,광교",버스정류소 승차대로부터 10m이내,서울특별시,중구,가로변버스정류소,서울특별시 중구 간접흡연 피해방지 조례,,100000,02-3396-5672,서울특별시 중구 남대문로 117,,서울특별시 중구청,37.56778527,126.9823058,2021-10-21
을지어린이집,시설의경계선으로부터 10m 이내,서울특별시,중구,어린이집,서울특별시 중구 간접흡연 피해방지 조례,,100000,02-3396-5672,서울특별시 중구 을지로27가길 24 (주교동),,서울특별시 중구청,37.56772893,127.0005237,2021-10-21
을지입구 지하도상가 출입구 시설물,을지입구 지하도상가 출입구 시설물 주변 10미터 이내,서울특별시,중구,지하도상가출입구,서울특별시 중구 간접흡연 피해방지 조례,,100000,02-3396-5672,,서울특별시 중구 을지로2가 9-7,서울특별시 중구청,37.56611686,126.9839905,2021-10-21
을지트윈타워앞 도로,서울특별시 중구 을지로4가역 9번출구~을지로3가역 7번출구 지상 도로 460m 거리,서울특별시,중구,거리,서울특별시 중구 간접흡연 피해방지 조례,,100000,02-3396-5672,서울특별시 중구 을지로 170,,서울특별시 중구청,37.56613918,126.9973275,2021-10-21
응봉근린공원,시설전체,서울특별시,중구,공원,서울특별시 중구 간접흡연 피해방지 조례,107695,100000,02-3396-5672,,서울특별시 중구 신당동 산 36-38,서울특별시 중구청,37.55300571,127.0094456,2021-10-21
의주로어린이공원,시설전체,서울특별시,중구,공원,서울특별시 중구 간접흡연 피해방지 조례,1012,100000,02-3396-5672,,서울특별시 중구 의주로1가 32-6,서울특별시 중구청,37.563861,126.968671,2021-10-21
이레어린이집,시설의경계선으로부터 10m 이내,서울특별시,중구,어린이집,서울특별시 중구 간접흡연 피해방지 조례,,100000,02-3396-5672,서울특별시 중구 다산로20길 33 (신당동),,서울특별시 중구청,37.55692695,127.0140066,2021-10-21
이화여자고등학교,학교 출입문으로부터 50m 이내,서울특별시,중구,학교절대정화구역,서울특별시 중구 간접흡연 피해방지 조례,,100000,02-3396-5672,서울특별시 중구 정동길 26,,서울특별시 중구청,37.56617664,126.9713244,2021-10-21
이화여자외국어고등학교,학교 출입문으로부터 50m 이내,서울특별시,중구,학교절대정화구역,서울특별시 중구 간접흡연 피해방지 조례,,100000,02-3396-5672,서울특별시 중구 통일로4길 30,,서울특별시 중구청,37.56557705,126.9696428,2021-10-21
인현 지하도상가 출입구 시설물,인현 지하도상가 출입구 시설물 주변 10미터 이내,서울특별시,중구,지하도상가출입구,서울특별시 중구 간접흡연 피해방지 조례,,100000,02-3396-5672,,서울특별시 중구 인현동2가 101-1,서울특별시 중구청,37.56427984,126.9957532,2021-10-21
인현어린이공원,시설전체,서울특별시,중구,공원,서울특별시 중구 간접흡연 피해방지 조례,1890,100000,02-3396-5672,,서울특별시 중구 인현동2가 142-2,서울특별시 중구청,37.56458179,126.9966869,2021-10-21
일신유치원,시설의경계선으로부터 10m 이내,서울특별시,중구,유치원,서울특별시 중구 간접흡연 피해방지 조례,,100000,02-3396-5672,서울특별시 중구 퇴계로 6길 36,,서울특별시 중구청,37.55670605,126.9789005,2021-10-21
"장교동 일대: 을지로7길, 남대문로10길","서울특별시 장교동 일대: 을지로7길, 남대문로10길",서울특별시,중구,관내 집단흡연지,서울특별시 중구 간접흡연 피해방지 조례,,100000,02-3396-5672,,서울특별시 중구 장교동 1,서울특별시 중구청,37.56752138,126.9865268,2021-10-21
장원중학교,학교 출입문으로부터 50m 이내,서울특별시,중구,학교절대정화구역,서울특별시 중구 간접흡연 피해방지 조례,,100000,02-3396-5672,서울특별시 중구 동호로15길 93-34,,서울특별시 중구청,37.55396515,127.0060433,2021-10-21
장충고등학교,학교 출입문으로부터 50m 이내,서울특별시,중구,학교절대정화구역,서울특별시 중구 간접흡연 피해방지 조례,,100000,02-3396-5672,서울특별시 중구 동호로15길 93,,서울특별시 중구청,37.55351463,127.0064145,2021-10-21
장충동(동국대입구),버스정류소 승차대로부터 10m이내,서울특별시,중구,가로변버스정류소,서울특별시 중구 간접흡연 피해방지 조례,,100000,02-3396-5672,,서울특별시 중구 장충동1가 61-1,서울특별시 중구청,37.56062139,127.0059585,2021-10-21
장충동(동국대입구),버스정류소 승차대로부터 10m이내,서울특별시,중구,가로변버스정류소,서울특별시 중구 간접흡연 피해방지 조례,,100000,02-3396-5672,서울특별시 중구 장충단로 175,,서울특별시 중구청,37.56066499,127.005564,2021-10-21
장충중학교,학교 출입문으로부터 50m 이내,서울특별시,중구,학교절대정화구역,서울특별시 중구 간접흡연 피해방지 조례,,100000,02-3396-5672,서울특별시 중구 동호로15길 93,,서울특별시 중구청,37.55351463,127.0064145,2021-10-21
장충체육관앞,버스정류소 승차대로부터 10m이내,서울특별시,중구,가로변버스정류소,서울특별시 중구 간접흡연 피해방지 조례,,100000,02-3396-5672,서울특별시 중구 동호로 234,,서울특별시 중구청,37.55843758,127.0080945,2021-10-21
장충체육관앞,버스정류소 승차대로부터 10m이내,서울특별시,중구,가로변버스정류소,서울특별시 중구 간접흡연 피해방지 조례,,100000,02-3396-5672,서울특별시 중구 동호로 233,,서울특별시 중구청,37.55783556,127.007671,2021-10-21
장충초등학교,학교 출입문으로부터 50m 이내,서울특별시,중구,학교절대정화구역,서울특별시 중구 간접흡연 피해방지 조례,,100000,02-3396-5672,서울특별시 중구 청구로17길 40,,서울특별시 중구청,37.55997257,127.0117028,2021-10-21
장충초등학교 통학로,장충초등학교 주변 통학로 440m,서울특별시,중구,거리,서울특별시 중구 간접흡연 피해방지 조례,,100000,02-3396-5672,서울특별시 중구 청구로17길 40,,서울특별시 중구청,37.55997257,127.0117028,2021-10-21
재능교육빌딩~롯데호텔 대로변(환구단 포함),서울특별시 재능교육빌딩~롯데호텔 대로변(환구단 포함),서울특별시,중구,관내 집단흡연지,서울특별시 중구 간접흡연 피해방지 조례,,100000,02-3396-5672,서울특별시 중구 을지로6,,서울특별시 중구청,37.56538091,126.9792096,2021-10-21
저동1(소공원),시설전체,서울특별시,중구,공원,서울특별시 중구 간접흡연 피해방지 조례,210,100000,02-3396-5672,,서울특별시 중구 을지로2가 203-1,서울특별시 중구청,37.565981,126.989631,2021-10-21
저동2(소공원),시설전체,서울특별시,중구,공원,서울특별시 중구 간접흡연 피해방지 조례,200,100000,02-3396-5672,,서울특별시 중구 을지로2가 203-4,서울특별시 중구청,37.565261,126.988871,2021-10-21
저동어린이공원,시설전체,서울특별시,중구,공원,서울특별시 중구 간접흡연 피해방지 조례,1050,100000,02-3396-5672,,서울특별시 중구 저동1가 1-14,서울특별시 중구청,37.564741,126.9878944,2021-10-21
정동근린공원,시설전체,서울특별시,중구,공원,서울특별시 중구 간접흡연 피해방지 조례,80230,100000,02-3396-5672,,서울특별시 중구 정동 15-1,서울특별시 중구청,37.56773987,126.9713579,2021-10-21
제일병원직장어린이집,시설의경계선으로부터 10m 이내,서울특별시,중구,어린이집,서울특별시 중구 간접흡연 피해방지 조례,,100000,02-3396-5672,서울특별시 중구 퇴계로 258-1,,서울특별시 중구청,37.562428,127.0004751,2021-10-21
종근당,버스정류소 승차대로부터 10m이내,서울특별시,중구,가로변버스정류소,서울특별시 중구 간접흡연 피해방지 조례,,100000,02-3396-5672,서울특별시 중구 서소문로 24,,서울특별시 중구청,37.55958944,126.9646246,2021-10-21
"중구청,덕수중",버스정류소 승차대로부터 10m이내,서울특별시,중구,가로변버스정류소,서울특별시 중구 간접흡연 피해방지 조례,,100000,02-3396-5672,서울특별시 중구 창경궁로 27-1,,서울특별시 중구청,37.56486014,126.9980713,2021-10-21
중구청직장어린이집,시설의경계선으로부터 10m 이내,서울특별시,중구,어린이집,서울특별시 중구 간접흡연 피해방지 조례,,100000,02-3396-5672,서울특별시 중구 마른내로12길 17-19,,서울특별시 중구청,37.5638099,127.0011844,2021-10-21
중국대사관 앞 명동2길,서울특별시 중국대사관 앞 명동2길,서울특별시,중구,관내 집단흡연지,서울특별시 중구 간접흡연 피해방지 조례,,100000,02-3396-5672,서울특별시 중구 명동2길 27,,서울특별시 중구청,37.56308937,126.9829589,2021-10-21
중림어린이집,시설의경계선으로부터 10m 이내,서울특별시,중구,어린이집,서울특별시 중구 간접흡연 피해방지 조례,,100000,02-3396-5672,서울특별시 중구 만리재로35길 12 (만리동1가),,서울특별시 중구청,37.555601,126.9677184,2021-10-21
중앙어린이집,시설의경계선으로부터 10m 이내,서울특별시,중구,어린이집,서울특별시 중구 간접흡연 피해방지 조례,,100000,02-3396-5672,서울특별시 중구 마장로14길 14 (황학동),,서울특별시 중구청,37.5676552,127.0210445,2021-10-21
진달래어린이공원,시설전체,서울특별시,중구,공원,서울특별시 중구 간접흡연 피해방지 조례,713,100000,02-3396-5672,,서울특별시 중구 정동 1-73,서울특별시 중구청,37.56801264,126.9747535,2021-10-21
창덕여자중학교,학교 출입문으로부터 50m 이내,서울특별시,중구,학교절대정화구역,서울특별시 중구 간접흡연 피해방지 조례,,100000,02-3396-5672,서울특별시 중구 정동길 22,,서울특별시 중구청,37.56643109,126.9692123,2021-10-21
청계1가(광교),버스정류소 승차대로부터 10m이내,서울특별시,중구,가로변버스정류소,서울특별시 중구 간접흡연 피해방지 조례,,100000,02-3396-5672,서울특별시 중구 청계천로 54,,서울특별시 중구청,37.56834763,126.9832927,2021-10-21
청계2가(삼일교),버스정류소 승차대로부터 10m이내,서울특별시,중구,가로변버스정류소,서울특별시 중구 간접흡연 피해방지 조례,,100000,02-3396-5672,서울특별시 중구 청계천로 100,,서울특별시 중구청,37.56749996,126.9884228,2021-10-21
청계3가(세운교),버스정류소 승차대로부터 10m이내,서울특별시,중구,가로변버스정류소,서울특별시 중구 간접흡연 피해방지 조례,,100000,02-3396-5672,,서울특별시 중구 입정동 5-8,서울특별시 중구청,37.568221,126.993931,2021-10-21
청계4가(배오개다리),버스정류소 승차대로부터 10m이내,서울특별시,중구,가로변버스정류소,서울특별시 중구 간접흡연 피해방지 조례,,100000,02-3396-5672,서울특별시 중구 청계천로 176,,서울특별시 중구청,37.56840644,126.9971158,2021-10-21
"청계5가,방산시장",버스정류소 승차대로부터 10m이내,서울특별시,중구,가로변버스정류소,서울특별시 중구 간접흡연 피해방지 조례,,100000,02-3396-5672,서울특별시 중구 청계천로 208,,서울특별시 중구청,37.56913448,127.0007199,2021-10-21
청계6가(오간수교),버스정류소 승차대로부터 10m이내,서울특별시,중구,가로변버스정류소,서울특별시 중구 간접흡연 피해방지 조례,,100000,02-3396-5672,서울특별시 중구 청계천로 274,,서울특별시 중구청,37.56942613,127.0080459,2021-10-21
청계6가(평화시장),버스정류소 승차대로부터 10m이내,서울특별시,중구,가로변버스정류소,서울특별시 중구 간접흡연 피해방지 조례,,100000,02-3396-5672,서울특별시 중구 청계천로 246,,서울특별시 중구청,37.56936865,127.0047225,2021-10-21
청계7가(청평화시장),버스정류소 승차대로부터 10m이내,서울특별시,중구,가로변버스정류소,서울특별시 중구 간접흡연 피해방지 조례,,100000,02-3396-5672,서울특별시 중구 청계천로 318,,서울특별시 중구청,37.56935713,127.0137916,2021-10-21
청계8가(영도교),버스정류소 승차대로부터 10m이내,서울특별시,중구,가로변버스정류소,서울특별시 중구 간접흡연 피해방지 조례,,100000,02-3396-5672,서울특별시 중구 청계천로 370,,서울특별시 중구청,37.57052414,127.018691,2021-10-21
청구e편한세상임대아파트,"복도,계단,엘리베이터,지하주차장",서울특별시,중구,공동주택,서울특별시 중구 간접흡연 피해방지 조례,,50000,02-3396-5672,서울특별시 중구 청구로 64,,서울특별시 중구청,37.55996016,127.015451,2021-10-21
청구동,서울특별시 중구 청구동 333-370 일대,서울특별시,중구,마을마당,서울특별시 중구 간접흡연 피해방지 조례,1458,100000,02-3396-5672,,서울특별시 중구 신당동 331,서울특별시 중구청,37.5577413,127.0152562,2021-10-21
청구어린이집,시설의경계선으로부터 10m 이내,서울특별시,중구,어린이집,서울특별시 중구 간접흡연 피해방지 조례,,100000,02-3396-5672,서울특별시 중구 다산로24길 81 (신당동),,서울특별시 중구청,37.55721132,127.0166861,2021-10-21
청구역,버스정류소 승차대로부터 10m이내,서울특별시,중구,가로변버스정류소,서울특별시 중구 간접흡연 피해방지 조례,,100000,02-3396-5672,서울특별시 중구 청구로 70,,서울특별시 중구청,37.56012362,127.0146139,2021-10-21
청구역,버스정류소 승차대로부터 10m이내,서울특별시,중구,가로변버스정류소,서울특별시 중구 간접흡연 피해방지 조례,,100000,02-3396-5672,서울특별시 중구 청구로 71,,서울특별시 중구청,37.55993626,127.0142064,2021-10-21
청구초등학교,학교 출입문으로부터 50m 이내,서울특별시,중구,학교절대정화구역,서울특별시 중구 간접흡연 피해방지 조례,,100000,02-3396-5672,서울특별시 중구 다산로 170,,서울특별시 중구청,37.55911821,127.0137263,2021-10-21
청구초등학교 통학로,학생 통학로 일대 600m 거리,서울특별시,중구,거리,서울특별시 중구 간접흡연 피해방지 조례,,100000,02-3396-5672,서울특별시 중구 다산로 170,,서울특별시 중구청,37.55911668,127.0137244,2021-10-21
초동,버스정류소 승차대로부터 10m이내,서울특별시,중구,가로변버스정류소,서울특별시 중구 간접흡연 피해방지 조례,,100000,02-3396-5672,서울특별시 중구 충무로 26,,서울특별시 중구청,37.56346522,126.9931681,2021-10-21
"충무아트홀,중부소방서",버스정류소 승차대로부터 10m이내,서울특별시,중구,가로변버스정류소,서울특별시 중구 간접흡연 피해방지 조례,,100000,02-3396-5672,서울특별시 중구 퇴계로 381,,서울특별시 중구청,37.56529183,127.0138044,2021-10-21
"충무아트홀,중부소방서",버스정류소 승차대로부터 10m이내,서울특별시,중구,가로변버스정류소,서울특별시 중구 간접흡연 피해방지 조례,,100000,02-3396-5672,서울특별시 중구 퇴계로 388-1,,서울특별시 중구청,37.56501061,127.0147371,2021-10-21
충무어린이집,시설의경계선으로부터 10m 이내,서울특별시,중구,어린이집,서울특별시 중구 간접흡연 피해방지 조례,,100000,02-3396-5672,서울특별시 중구 동호로27길 21 (묵정동),,서울특별시 중구청,37.560222,127.0017224,2021-10-21
충무초등학교,학교 출입문으로부터 50m 이내,서울특별시,중구,학교절대정화구역,서울특별시 중구 간접흡연 피해방지 조례,,100000,02-3396-5672,서울특별시 중구 퇴계로50길 13,,서울특별시 중구청,37.56194813,127.001236,2021-10-21
충무초등학교 통학로,학생 통학로 일대 350m 거리,서울특별시,중구,거리,서울특별시 중구 간접흡연 피해방지 조례,,100000,02-3396-5672,서울특별시 중구 퇴계로50길 13,,서울특별시 중구청,37.56194948,127.0012351,2021-10-21
충현,서울특별시 중구 다산동 432-813 일대,서울특별시,중구,마을마당,서울특별시 중구 간접흡연 피해방지 조례,563,100000,02-3396-5672,,서울특별시 중구 신당동 432-82,서울특별시 중구청,37.55446969,127.0088427,2021-10-21
충현어린이공원,시설전체,서울특별시,중구,공원,서울특별시 중구 간접흡연 피해방지 조례,1571,100000,02-3396-5672,,서울특별시 중구 신당동 432-540,서울특별시 중구청,37.552211,127.004881,2021-10-21
키즈숲어린이집,시설의경계선으로부터 10m 이내,서울특별시,중구,어린이집,서울특별시 중구 간접흡연 피해방지 조례,,100000,02-3396-5672,서울특별시 중구 다산로 32,,서울특별시 중구청,37.54716803,127.0056761,2021-10-21
키즈월드어린이집,시설의경계선으로부터 10m 이내,서울특별시,중구,어린이집,서울특별시 중구 간접흡연 피해방지 조례,,100000,02-3396-5672,서울특별시 중구 다산로 32,,서울특별시 중구청,37.54716803,127.0056761,2021-10-21
퇴계로2가,버스정류소 승차대로부터 10m이내,서울특별시,중구,가로변버스정류소,서울특별시 중구 간접흡연 피해방지 조례,,100000,02-3396-5672,서울특별시 중구 퇴계로 120,,서울특별시 중구청,37.56057768,126.9850782,2021-10-21
"퇴계로3가(한옥마을,한국의집)",버스정류소 승차대로부터 10m이내,서울특별시,중구,가로변버스정류소,서울특별시 중구 간접흡연 피해방지 조례,,100000,02-3396-5672,서울특별시 중구 퇴계로 179,,서울특별시 중구청,37.5612739,126.9917468,2021-10-21
"퇴계로3가(한옥마을,한국의집)",버스정류소 승차대로부터 10m이내,서울특별시,중구,가로변버스정류소,서울특별시 중구 간접흡연 피해방지 조례,,100000,02-3396-5672,서울특별시 중구 퇴계로 186,,서울특별시 중구청,37.56085589,126.9924259,2021-10-21
퇴계로5가,버스정류소 승차대로부터 10m이내,서울특별시,중구,가로변버스정류소,서울특별시 중구 간접흡연 피해방지 조례,,100000,02-3396-5672,서울특별시 중구 퇴계로 252-2,,서울특별시 중구청,37.56233377,126.9998506,2021-10-21
퇴계로5가,버스정류소 승차대로부터 10m이내,서울특별시,중구,가로변버스정류소,서울특별시 중구 간접흡연 피해방지 조례,,100000,02-3396-5672,서울특별시 중구 퇴계로 251,,서울특별시 중구청,37.5627266,126.9996514,2021-10-21
퇴계로6가,버스정류소 승차대로부터 10m이내,서울특별시,중구,가로변버스정류소,서울특별시 중구 간접흡연 피해방지 조례,,100000,02-3396-5672,서울특별시 중구 퇴계로 292,,서울특별시 중구청,37.56333921,127.0040339,2021-10-21
퇴계로6가,버스정류소 승차대로부터 10m이내,서울특별시,중구,가로변버스정류소,서울특별시 중구 간접흡연 피해방지 조례,,100000,02-3396-5672,서울특별시 중구 동호로 330,,서울특별시 중구청,37.56397353,127.0032552,2021-10-21
파인에비뉴 뒤편: 삼일대로10길,서울특별시 중구 삼일대로10길,서울특별시,중구,관내 집단흡연지,서울특별시 중구 간접흡연 피해방지 조례,,100000,02-3396-5672,,서울특별시 중구 을지로2가 203-2,서울특별시 중구청,37.56563762,126.9890554,2021-10-21
필동,서울특별시 중구 필동 111-2 일대,서울특별시,중구,마을마당,서울특별시 중구 간접흡연 피해방지 조례,358,100000,02-3396-5672,,서울특별시 중구 필동2가 106-19,서울특별시 중구청,37.55856442,126.995511,2021-10-21
필동어린이집,시설의경계선으로부터 10m 이내,서울특별시,중구,어린이집,서울특별시 중구 간접흡연 피해방지 조례,,100000,02-3396-5672,서울특별시 중구 퇴계로36가길 60 (필동2가),,서울특별시 중구청,37.5576541,126.9954649,2021-10-21
하나은행본점 앞 보도 및 을지로변 금연거리 연장,서울특별시 하나은행본점 앞 보도 및 을지로변 금연거리 연장,서울특별시,중구,관내 집단흡연지,서울특별시 중구 간접흡연 피해방지 조례,,100000,02-3396-5672,서울특별시 중구 을지로 66,,서울특별시 중구청,37.56515473,126.9850094,2021-10-21
한국경제신문사,버스정류소 승차대로부터 10m이내,서울특별시,중구,가로변버스정류소,서울특별시 중구 간접흡연 피해방지 조례,,100000,02-3396-5672,서울특별시 중구 청파로 455,,서울특별시 중구청,37.55997958,126.9678297,2021-10-21
한국경제신문사,버스정류소 승차대로부터 10m이내,서울특별시,중구,가로변버스정류소,서울특별시 중구 간접흡연 피해방지 조례,,100000,02-3396-5672,서울특별시 중구 청파로 464,,서울특별시 중구청,37.56081942,126.9682277,2021-10-21
한국은행 어린이집,시설의경계선으로부터 10m 이내,서울특별시,중구,어린이집,서울특별시 중구 간접흡연 피해방지 조례,,100000,02-3396-5672,서울특별시 중구 남대문로2,,서울특별시 중구청,37.56007888,126.9762412,2021-10-21
"한국은행,신세계앞",버스정류소 승차대로부터 10m이내,서울특별시,중구,가로변버스정류소,서울특별시 중구 간접흡연 피해방지 조례,,100000,02-3396-5672,서울특별시 중구 남대문로 39,,서울특별시 중구청,37.56251583,126.9797219,2021-10-21
한빛미디어파크,시설전체,서울특별시,중구,공원,서울특별시 중구 간접흡연 피해방지 조례,2071,100000,02-3396-5672,,서울특별시 중구 삼각동 118,서울특별시 중구청,37.56800871,126.9851012,2021-10-21
한솔어린이집,시설의경계선으로부터 10m 이내,서울특별시,중구,어린이집,서울특별시 중구 간접흡연 피해방지 조례,,100000,02-3396-5672,서울특별시 중구 다산로 32,,서울특별시 중구청,37.54716803,127.0056761,2021-10-21
한양공업고등학교,학교 출입문으로부터 50m 이내,서울특별시,중구,학교절대정화구역,서울특별시 중구 간접흡연 피해방지 조례,,100000,02-3396-5672,서울특별시 중구 을지로 299,,서울특별시 중구청,37.56587232,127.0114457,2021-10-21
한양중학교,학교 출입문으로부터 50m 이내,서울특별시,중구,학교절대정화구역,서울특별시 중구 간접흡연 피해방지 조례,,100000,02-3396-5672,서울특별시 중구 을지로 299,,서울특별시 중구청,37.56587232,127.0114457,2021-10-21
한일교회어린이집,시설의경계선으로부터 10m 이내,서울특별시,중구,어린이집,서울특별시 중구 간접흡연 피해방지 조례,,100000,02-3396-5672,서울특별시 중구 퇴계로88다길 19,,서울특별시 중구청,37.56280774,127.020337,2021-10-21
한진해모로아파트,"복도,계단,엘리베이터,지하주차장",서울특별시,중구,공동주택,서울특별시 중구 간접흡연 피해방지 조례,,50000,02-3396-5672,서울특별시 중구 왕십리로39길 30,,서울특별시 중구청,37.56372841,127.0257107,2021-10-21
한화태평로어린이집,시설의경계선으로부터 10m 이내,서울특별시,중구,어린이집,서울특별시 중구 간접흡연 피해방지 조례,,100000,02-3396-5672,서울특별시 중구 세종대로 92,,서울특별시 중구청,37.56423454,126.9775699,2021-10-21
"해운센타,롯데영프라자",버스정류소 승차대로부터 10m이내,서울특별시,중구,가로변버스정류소,서울특별시 중구 간접흡연 피해방지 조례,,100000,02-3396-5672,서울특별시 중구 남대문로 63,,서울특별시 중구청,37.5630639,126.9813652,2021-10-21
해피맘어린이집,시설의경계선으로부터 10m 이내,서울특별시,중구,어린이집,서울특별시 중구 간접흡연 피해방지 조례,,100000,02-3396-5672,서울특별시 중구 청계천로 400,,서울특별시 중구청,37.5708733,127.0214621,2021-10-21
햇살어린이집,시설의경계선으로부터 10m 이내,서울특별시,중구,어린이집,서울특별시 중구 간접흡연 피해방지 조례,,100000,02-3396-5672,서울특별시 중구 동호로14길 11-8,,서울특별시 중구청,37.5565133,127.0105117,2021-10-21
현대어린이집,시설의경계선으로부터 10m 이내,서울특별시,중구,어린이집,서울특별시 중구 간접흡연 피해방지 조례,,100000,02-3396-5672,서울특별시 중구 다산로 36길 109,,서울특별시 중구청,37.56050431,127.0229712,2021-10-21
환일고등학교,학교 출입문으로부터 50m 이내,서울특별시,중구,학교절대정화구역,서울특별시 중구 간접흡연 피해방지 조례,,100000,02-3396-5672,서울특별시 중구 환일길 47,,서울특별시 중구청,37.55360652,126.9628021,2021-10-21
환일중학교,학교 출입문으로부터 50m 이내,서울특별시,중구,학교절대정화구역,서울특별시 중구 간접흡연 피해방지 조례,,100000,02-3396-5672,서울특별시 중구 환일길 47,,서울특별시 중구청,37.55360652,126.9628021,2021-10-21
황학동 롯데캐슬,버스정류소 승차대로부터 10m이내,서울특별시,중구,가로변버스정류소,서울특별시 중구 간접흡연 피해방지 조례,,100000,02-3396-5672,서울특별시 중구 청계천로 400,,서울특별시 중구청,37.57081199,127.0214621,2021-10-21
황학동롯데캐슬,버스정류소 승차대로부터 10m이내,서울특별시,중구,가로변버스정류소,서울특별시 중구 간접흡연 피해방지 조례,,100000,02-3396-5672,서울특별시 중구 청계천로 400,,서울특별시 중구청,37.57081199,127.0214621,2021-10-21
황학동주민센터,버스정류소 승차대로부터 10m이내,서울특별시,중구,가로변버스정류소,서울특별시 중구 간접흡연 피해방지 조례,,100000,02-3396-5672,서울특별시 중구 난계로 171,,서울특별시 중구청,37.56687248,127.0233535,2021-10-21
황학아크로타워아파트,"복도,계단,엘리베이터,지하주차장",서울특별시,중구,공동주택,서울특별시 중구 간접흡연 피해방지 조례,,50000,02-3396-5672,서울특별시 중구 퇴계로 447,,서울특별시 중구청,37.56604198,127.0217218,2021-10-21
황학어린이공원,시설전체,서울특별시,중구,공원,서울특별시 중구 간접흡연 피해방지 조례,1087,100000,02-3396-5672,,서울특별시 중구 황학동 755,서울특별시 중구청,37.56748249,127.018011,2021-10-21
황학어린이집,시설의경계선으로부터 10m 이내,서울특별시,중구,어린이집,서울특별시 중구 간접흡연 피해방지 조례,,100000,02-3396-5672,서울특별시 중구 난계로15길 23 (황학동),,서울특별시 중구청,37.5687362,127.0223185,2021-10-21
회현 지하도상가 출입구 시설물,회현 지하도상가 출입구 시설물 주변 10미터 이내,서울특별시,중구,지하도상가출입구,서울특별시 중구 간접흡연 피해방지 조례,,100000,02-3396-5672,,서울특별시 중구 충무로1가 52-41,서울특별시 중구청,37.56066733,126.9818457,2021-10-21
회현어린이집,시설의경계선으로부터 10m 이내,서울특별시,중구,어린이집,서울특별시 중구 간접흡연 피해방지 조례,,100000,02-3396-5672,서울특별시 중구 퇴계로12가길 23 (회현동1가),,서울특별시 중구청,37.5558283,126.9808157,2021-10-21
후암삼거리,버스정류소 승차대로부터 10m이내,서울특별시,중구,가로변버스정류소,서울특별시 중구 간접흡연 피해방지 조례,,100000,02-3396-5672,서울특별시 중구 소월로2길 30,,서울특별시 중구청,37.55399522,126.9756139,2021-10-21
흥인초등학교,학교 출입문으로부터 50m 이내,서울특별시,중구,학교절대정화구역,서울특별시 중구 간접흡연 피해방지 조례,,100000,02-3396-5672,서울특별시 중구 청구로6길 11,,서울특별시 중구청,37.56086965,127.0145551,2021-10-21
흥인초등학교 통학로,학생 통학로 일대 190m 거리,서울특별시,중구,거리,서울특별시 중구 간접흡연 피해방지 조례,,100000,02-3396-5672,서울특별시 중구 청구로6길 11,,서울특별시 중구청,37.56087001,127.0145555,2021-10-21
힐튼호텔,버스정류소 승차대로부터 10m이내,서울특별시,중구,가로변버스정류소,서울특별시 중구 간접흡연 피해방지 조례,,100000,02-3396-5672,서울특별시 중구 퇴계로 24,,서울특별시 중구청,37.556619,126.9759616,2021-10-21
힐튼호텔,버스정류소 승차대로부터 10m이내,서울특별시,중구,가로변버스정류소,서울특별시 중구 간접흡연 피해방지 조례,,100000,02-3396-5672,서울특별시 중구 소월로 37,,서울특별시 중구청,37.5564642,126.9768127,2021-10-21